Time,Time Code,Country Name,Country Code,"GDP per capita, PPP (current international $)",GDP per capita growth (annual %),Control of Corruption - Governance estimate (approx. -2.5 to +2.5),Government Effectiveness - Governance estimate (approx. -2.5 to +2.5),Political Stability - Governance estimate (approx. -2.5 to +2.5) ,Regulatory Quality - Governance estimate (approx. -2.5 to +2.5),Rule of Law - Governance estimate (approx. -2.5 to +2.5),Voice and Accountability - Governance estimate (approx. -2.5 to +2.5)
2024,YR2024,Estonia,EST,49968.71083,-0.239652154,1.669321,1.2969908,0.6995763,1.3977035,1.4864478,1.4144994
2024,YR2024,Latvia,LVA,43394.27328,0.904976236,0.8251336,0.7431802,0.6201402,1.0998172,1.0913835,1.1279498
2024,YR2024,Lithuania,LTU,55285.89919,2.434725385,0.9927892,1.2014922,0.9394441,1.291591,1.3742358,1.2226462
2024,YR2024,Kazakhstan,KAZ,40890.93177,3.661700134,-0.0670903,0.1467641,-0.2827558,0.0470549,-0.3815477,-0.8157128
2024,YR2024,Kyrgyz Republic,KGZ,8012.454644,9.653633914,-1.1364649,-0.8885033,-0.5045251,-0.5167464,-0.9360937,-0.8013292
2024,YR2024,Tajikistan,TJK,5405.980116,6.34141937,-1.2177564,-0.6009336,-0.2756522,-0.7588053,-1.183734,-1.6425844
2024,YR2024,Turkmenistan,TKM,21213.08625,4.437925634,-1.297223,-1.0591384,0.2455892,-1.6885626,-1.4131747,-2.0430083
2024,YR2024,Uzbekistan,UZB,11878.55287,4.594547897,-0.7543163,-0.1435922,-0.0267335,-0.5267443,-0.6562072,-1.0401976
,,,,,,,,,,,
,,,,,,,,,,,
,,,,,,,,,,,
,,,,,,,,,,,
