ticker,company_name,isin,category,type,icb_industry,activity,year,annual_report,ESG_info_annual_report,ESG_separate_report,annual_fin_report,interim_fin_reports,listed_since,cross_listed,cross_listed_since,un_global_compact_joined,orbis_data,lseg_esg_data,source_reports,alterntive_ticker_ISIN,notes_reports,year_founded_manual,year_incorporated_orbis,soviet_era_ai_checked,soviet_era_ai_result, total_assets , net_income ,currency,fx_rate_to_eur,source_fx_rate,number_of_employees,state_ownership,state_ownership_threshold,foreign_ownership,foreign_ownership_threshold,individual_ownership,individual_ownership_threshold,as_of_date,national_identifier,source_ownership,notes_ownership,exchange,country,region
AAFD,AsiaAgroFood,KZ1C00008721,Main,ordinary share,Consumer Staples,"production and wholesale of flour, molasses and wheat and corn processing products",2024,1,1,0,1,0,2021,,,,0,0,https://kase.kz/ru/listing/issuers/AAFD,,,2005,2010,1,0,"41,849,337,000.00","2,064,712,000.00",KZT,546.7,https://nationalbank.kz/en/exchangerates/ezhednevnye-oficialnye-rynochnye-kursy-valyut,,0,0 state-linked entities among the >=5% shareholders,0,0 foreign entities among the >=5% shareholders,1,1 individual among the >=5% shareholders,31.12.2024,050740003177,https://kase.kz/en/listing/issuers/AAFD,reregistered as JSC on 12/04/2010,KASE,Kazakhstan,Central Asia
ADLA,Aidala Munai,KZ1C00000918,Alternative,ordinary share,Energy,investing in oil and gas industry projects,2024,1,1,0,1,1,2013,,,,1,0,https://kase.kz/ru/listing/issuers/ADLA,,,2010,2010,1,0,"1,179,000.00","-5,333,000.00",KZT,546.7,https://nationalbank.kz/en/exchangerates/ezhednevnye-oficialnye-rynochnye-kursy-valyut,,0,0 state-linked entities among the >=5% shareholders,0,0 foreign entities among the >=5% shareholders,1,2 individuals among the >=5% shareholders,31.12.2024,1.0094E+11,https://kase.kz/en/listing/issuers/ADLA,,KASE,Kazakhstan,Central Asia
AIRA,Air Astana,KZ1C00004050,Main,ordinary share,Consumer Discretionary,"air transportation of passengers, luggage, cargo, mail by international and domestic airlines",2024,1,1,0,1,1,2024,1,2024,,1,0,https://ir.airastana.com/en/financial-operational/financial-statements/,AIRA.U - KZ1CCCCCCCC3,,2001,2001,1,0,"952,063,811,000.00","25,522,594,000.00",KZT,546.7,https://nationalbank.kz/en/exchangerates/ezhednevnye-oficialnye-rynochnye-kursy-valyut,,1,2 state-linked entities among the >=5% shareholders,1,2 foreign entities among the >=5% shareholders,0,0 individuals among the >=5% shareholders,31.12.2024,010940000162,https://kase.kz/en/listing/issuers/AIRA,,KASE / AIX,Kazakhstan,Central Asia
AKGR,Akzhal Gold Resources,KZ1C00014141,Main,ordinary share,Basic Materials,activities of holding companies,2024,1,1,0,1,0,2021,,,,0,0,https://kase.kz/ru/listing/issuers/AKGR,,,2020,2020,1,0,"39,761,746,000.00","7,917,143,000.00",KZT,546.7,https://nationalbank.kz/en/exchangerates/ezhednevnye-oficialnye-rynochnye-kursy-valyut,,0,0 state-linked entities among the >=5% shareholders,1,1 foreign entity among the >=5% shareholders,0,0 individuals among the >=5% shareholders,31.12.2024,2.0074E+11,annual report,,KASE,Kazakhstan,Central Asia
AKRL,Ai Karaauyl,KZ1C00001007,Alternative,ordinary share,Basic Materials,"exploration, evaluation and development of deposits, extraction and processing of natural resources",2024,1,1,0,1,0,2014,,,,0,0,https://kase.kz/ru/listing/issuers/AKRL,,,2008,NA,1,0,"3,100,415,000.00","171,620,000.00",KZT,546.7,https://nationalbank.kz/en/exchangerates/ezhednevnye-oficialnye-rynochnye-kursy-valyut,,0,0 state-linked entities among the >=5% shareholders,0,0 foreign entities among the >=5% shareholders,0,0 individuals among the >=5% shareholders,31.12.2024,080740006246,annual report,reregistered as JSC on 13.02.2014,KASE,Kazakhstan,Central Asia
AKZM,Aktobe Metalware Plant,KZ1C00001288,Alternative,ordinary share,Industrials,"production of construction steel structures for industrial and civil buildings, sandwich panels, storage facilities for petroleum products and process liquids, modular products for arrangement of oil and gas deposits, mine arch metal fixing systems",2024,1,1,0,1,1,2016,,,,0,0,https://kase.kz/en/listing/issuers/AKZM,,,2001,2016,1,0,"1,615,201,000.00","-581,496,000.00",KZT,546.7,https://nationalbank.kz/en/exchangerates/ezhednevnye-oficialnye-rynochnye-kursy-valyut,,0,0 state-linked entities among the >=5% shareholders,0,0 foreign entities among the >=5% shareholders,1,1 individual among the >=5% shareholders,31.12.2024,010540003201,annual report,"reregistered as JSC on 01.04.2016; one of the shareholders (Freedom Finance Global PLC, 7.81%) is a part a US holding",KASE,Kazakhstan,Central Asia
ALMS,AK Altynalmas,KZ1C00001080,Main,ordinary share,Basic Materials,"extraction of precious metals and other useful fossiles, their processing and wholesale",2024,1,1,1,1,0,2015,,,24-Nov-22,0,0,https://www.altynalmas.kz/inform/reports,,,1995,1995,1,0,"784,751,021,000.00","175,616,637,000.00",KZT,546.7,https://nationalbank.kz/en/exchangerates/ezhednevnye-oficialnye-rynochnye-kursy-valyut,,0,0 state-linked entities among the >=5% shareholders,1,1 foreign entity among the >=5% shareholders,1,1 individual among the >=5% shareholders,31.12.2024,9.5064E+11,annual report,,KASE / AIX,Kazakhstan,Central Asia
ALMT,AltaMet Minerals,KZ1C00015510,Alternative,ordinary share,Basic Materials,mining of precious metals and rare metal ores,2024,0,0,0,1,0,2026,,,,0,0,https://kase.kz/ru/listing/issuers/ALMT,,,2019,NA,1,0,"4,916,000.00","-5,278,000.00",KZT,546.7,https://nationalbank.kz/en/exchangerates/ezhednevnye-oficialnye-rynochnye-kursy-valyut,,0,0 state-linked entities among the >=5% shareholders,0,0 foreign entities among the >=5% shareholders,1,1 individual among the >=5% shareholders,31.12.2024,1.9114E+11,annual report,reregistred on 05.09.2025,KASE,Kazakhstan,Central Asia
ALTV,AlmaTel Kazakhstan,KZ1C00001460,Main,ordinary share,Telecommunications,"provider of TV- and/or radio broadcasting; education, implementation and provision of services in the field of communicaiton",2024,0,0,0,1,1,2015,,,,0,0,https://opi.dfo.kz/en/opi/list/278746079847000000/view,,,2017,2017,1,0,"31,696,567,000.00","826,537,000.00",KZT,546.7,https://nationalbank.kz/en/exchangerates/ezhednevnye-oficialnye-rynochnye-kursy-valyut,,0,0 state-linked entities among the >=5% shareholders,0,0 foreign entities among the >=5% shareholders,0,0 individuals among the >=5% shareholders,31.12.2024,9.4054E+11,annual report,,KASE,Kazakhstan,Central Asia
AMAN,Altay Resources,KZ1C00000983,Alternative,ordinary share,Energy,holding activity,2024,1,1,0,1,0,2014,,,,0,0,https://kase.kz/ru/listing/issuers/AMAN,,,2003,2013,1,0,"75,256,777,000.00","-453,486,000.00",KZT,546.7,https://nationalbank.kz/en/exchangerates/ezhednevnye-oficialnye-rynochnye-kursy-valyut,,0,0 state-linked entities among the >=5% shareholders,1,1 foreign entity among the >=5% shareholders,0,0 individuals among the >=5% shareholders,31.12.2024,031040002162,annual report,"until 2024, 100% of shares were hold by a UAE company, in 2024 shares were sold to a Kazakhstan-registered but UAE-incorporated company",KASE,Kazakhstan,Central Asia
AMGZp,Aktobe Petroleum,KZ0009093902,NA,preferred share,Energy,"development and extraction of hydrocarbon raw materials; drilling of prospecting, estimating, structural and operating wells; search, exploration and exploitation of oil and gas fields, refinery of oil and gas; transportation and sale of oil, gas and products of their refinery; production and sale of electrical and thermal energy; building of pipelines and pipeline transportation; development and extraction of drilled mineral resource and mineral resource of joint origin, their sale and other activities in compliance with company's charter and valid licenses",2024,0,0,0,1,0,2011,,,,0,0,https://opi.dfo.kz/ru/opi/list/278746064703000000/view,,,1993,NA,1,1,"809,305,897,000.00","9,311,303,000.00",KZT,546.7,https://nationalbank.kz/en/exchangerates/ezhednevnye-oficialnye-rynochnye-kursy-valyut,,0,0 state-linked entities among the >=5% shareholders,1,2 foreign entities among the >=5% shareholders,0,0 individuals among the >=5% shareholders,31.12.2024,9.3124E+11,annual report,,KASE,Kazakhstan,Central Asia
AMXP,Asker Munai Exploration,KZ1C00001601,Alternative,ordinary share,Energy,holding activities,2024,1,1,0,1,1,2019,,,,0,0,https://kase.kz/ru/listing/issuers/AMXP,,,2006,2018,1,0,"32,172,445,000.00","-10,454,871,000.00",KZT,546.7,https://nationalbank.kz/en/exchangerates/ezhednevnye-oficialnye-rynochnye-kursy-valyut,,0,0 state-linked entities among the >=5% shareholders,1,1 foreign entity among the >=5% shareholders,0,0 individuals among the >=5% shareholders,31.12.2024,060640013221,annual report,,KASE,Kazakhstan,Central Asia
ASKQ,ALTYN SAMRUK QAZAQSTAN,KZ1C00014851,Alternative,ordinary share; preferred share,Basic Materials,Processing of non-ferrous metals and alloys,2024,0,0,0,1,1,2024,,,4-Dec-23,0,0,https://opi.dfo.kz/en/opi/list/278745948865000000/view,ASKQp - KZ1P00014989,,2023,2023,1,0,"1,835,069,000.00","-257,186,000.00",KZT,546.7,https://nationalbank.kz/en/exchangerates/ezhednevnye-oficialnye-rynochnye-kursy-valyut,,0,0 state-linked entities among the >=5% shareholders,0,0 foreign entities among the >=5% shareholders,1,1 individual among the >=5% shareholders,31.12.2024,2.3014E+11,annual report,,KASE,Kazakhstan,Central Asia
ASTL,ASTEL,KZ1C00000678,Main,ordinary share,Telecommunications,"provision of communication services, design of telecommunications networks, sale of telecommunications equipment and other activities not prohibited by law",2024,1,1,0,1,1,2008,,,,0,0,https://kase.kz/ru/listing/issuers/ASTL,,,1997,NA,1,0,"10,871,346,000.00","2,485,909,000.00",KZT,546.7,https://nationalbank.kz/en/exchangerates/ezhednevnye-oficialnye-rynochnye-kursy-valyut,,0,0 state-linked entities among the >=5% shareholders,0,0 foreign entities among the >=5% shareholders,0,0 individuals among the >=5% shareholders,31.12.2024,011140001666,annual report,reregistered on 05.11.2001,KASE,Kazakhstan,Central Asia
ATEC,AltynEx,KZ1C00001171,Main,ordinary share,Basic Materials,minerals exploration and production,2024,1,1,0,1,1,2015,,,,0,0,https://kase.kz/ru/listing/issuers/ATEC,,,2015,2015,1,0,"43,978,839,000.00","11,724,013,000.00",KZT,546.7,https://nationalbank.kz/en/exchangerates/ezhednevnye-oficialnye-rynochnye-kursy-valyut,,0,0 state-linked entities among the >=5% shareholders,0,0 foreign entities among the >=5% shareholders,1,5 individuals among the >=5% shareholders,31.12.2024,1.5074E+11,https://kase.kz/en/listing/issuers/ATEC,,KASE,Kazakhstan,Central Asia
AZNO,Aktobe Oil Equipment Plant,KZ000A1CTMD1,Alternative,ordinary share; preferred share,Energy,"production of oil-field equipment, pumps, hydraulic systems, new high technological machines, equipment and instruments for oil and gas, mining and construction industries and etc., other activities in compliance with the legislation of the Republic of Kazakhstan",2024,0,0,0,1,1,2005,,,,0,0,https://opi.dfo.kz/en/opi/list/278746078214000000/view,AZNOp - KZ1P00000269,,2001,2004,1,0,"7,681,411,000.00","1,075,502,000.00",KZT,546.7,https://nationalbank.kz/en/exchangerates/ezhednevnye-oficialnye-rynochnye-kursy-valyut,,0,0 state-linked entities among the >=5% shareholders,0,0 foreign entities among the >=5% shareholders,0,0 individuals among the >=5% shareholders,31.12.2024,040640000890,annual report,reregistred to JSC on 07.06.2004,KASE,Kazakhstan,Central Asia
BAST,BAST,KZ1C00001015,Alternative,ordinary share,Basic Materials,"exploration, production and processing of copper ores",2024,1,1,0,1,0,2015,,,,0,0,https://kase.kz/ru/listing/issuers/BAST,,,1996,2013,1,0,"13,224,506,000.00","-3,099,929,000.00",KZT,546.7,https://nationalbank.kz/en/exchangerates/ezhednevnye-oficialnye-rynochnye-kursy-valyut,,0,0 state-linked entities among the >=5% shareholders,0,0 foreign entities among the >=5% shareholders,1,1 individual among the >=5% shareholders,31.12.2024,060440009840,annual report,reregistered to JSC on 16.08.2013,KASE,Kazakhstan,Central Asia
BSUL,Bayan Sulu,KZ1C00000165,Main,ordinary share,Consumer Staples,production and sale of confectionery,2024,1,1,0,1,1,2010,,,,0,0,https://kase.kz/ru/listing/issuers/BSUL,,,1993,1993,1,1,"59,800,792,000.00","3,456,743,000.00",KZT,546.7,https://nationalbank.kz/en/exchangerates/ezhednevnye-oficialnye-rynochnye-kursy-valyut,,1,1 state-linked entity among the >=5% shareholders,0,0 foreign entities among the >=5% shareholders,1,1 individual among the >=5% shareholders,31.12.2024,9.3094E+11,https://kase.kz/en/listing/issuers/BSUL,"one of shareholders (""SEC ""TOBOL"" JSC, 5%) is 100% state owned",KASE,Kazakhstan,Central Asia
CRMG,Crystal Management,KZ1C00001486,Alternative,ordinary share,Energy,"the carrying out of oil operations on the contract territory, the exploitation of oil and gas fields",2024,1,1,0,1,0,2018,,,,0,0,https://kase.kz/ru/listing/issuers/CRMG,,,2007,2007,1,0,"55,340,984,000.00","-576,045,000.00",KZT,546.7,https://nationalbank.kz/en/exchangerates/ezhednevnye-oficialnye-rynochnye-kursy-valyut,,0,0 state-linked entities among the >=5% shareholders,0,0 foreign entities among the >=5% shareholders,0,0 individuals among the >=5% shareholders,31.12.2024,071240002008,annual report,reregistered to JSC on 10.03.2017,KASE,Kazakhstan,Central Asia
EKTN,EKOTON+,KZ1C00000538,Main,ordinary share,Industrials,production and realization of cellular concrete goods for house-building,2024,1,1,0,1,0,2006,,,,0,0,https://kase.kz/ru/listing/issuers/EKTN,,,2002,NA,1,0,"24,074,272,000.00","-1,216,872,000.00",KZT,546.7,https://nationalbank.kz/en/exchangerates/ezhednevnye-oficialnye-rynochnye-kursy-valyut,,0,0 state-linked entities among the >=5% shareholders,0,0 foreign entities among the >=5% shareholders,0,0 individuals among the >=5% shareholders,31.12.2024,020140000244,annual report,,KASE,Kazakhstan,Central Asia
EXPA,Green Power Generation,KZ1C00001478,Alternative,ordinary share,Utilities,production of electrical and heating energy,2024,1,0,0,1,0,2018,,,,0,0,https://kase.kz/ru/listing/issuers/EXPA,,"there is an ESG section in the annual report, but no information is provided",2016,2016,1,0,"81,657,000.00","-4,906,000.00",KZT,546.7,https://nationalbank.kz/en/exchangerates/ezhednevnye-oficialnye-rynochnye-kursy-valyut,,0,0 state-linked entities among the >=5% shareholders,0,0 foreign entities among the >=5% shareholders,0,0 individuals among the >=5% shareholders,31.12.2024,1.6084E+11,annual report,,KASE,Kazakhstan,Central Asia
KATR,Atameken-Agro,KZ1C00000025,Main,ordinary share; preferred share,Consumer Staples,"production, procurement and sale of grain",2024,1,1,0,1,0,2009,,,,0,0,https://kase.kz/ru/listing/issuers/KATR,KATRp - KZ1P00000038,bonds were placedin 2005,2008,NA,1,0,"119,615,616,000.00","8,816,613,000.00",KZT,546.7,https://nationalbank.kz/en/exchangerates/ezhednevnye-oficialnye-rynochnye-kursy-valyut,,1,1 state-linked entity among the >=5% shareholders,0,0 foreign entities among the >=5% shareholders,0,0 individuals among the >=5% shareholders,31.12.2024,080940017289,annual report,,KASE,Kazakhstan,Central Asia
KCEL,Kcell,KZ1C00000876,Main,ordinary share,Telecommunications,mobile operator,2024,1,1,0,1,1,2012,,,,1,0,https://kase.kz/en/listing/issuers/KCEL,,,1998,2012,1,0,"424,574,000,000.00","10,159,000,000.00",KZT,546.7,https://nationalbank.kz/en/exchangerates/ezhednevnye-oficialnye-rynochnye-kursy-valyut,,1,2 state-linked entities among the >=5% shareholders,0,0 foreign entities among the >=5% shareholders,0,0 individuals among the >=5% shareholders,31.12.2024,9.8054E+11,annual report,reregistered to JSC on 27.08.2012,KASE,Kazakhstan,Central Asia
KEGC,KEGOC,KZ1C00000959,Main,ordinary share,Utilities,"power transmission, technical despatching and balanced production of electricity in Republic of Kazakhstan",2024,1,1,0,1,1,2014,,,,1,0,https://www.kegoc.kz/en/for-investors-and-shareholders/raskrytie-informatsii/annual-reports/,,,1996,1997,1,1,"1,097,066,105,000.00","59,497,047,000.00",KZT,546.7,https://nationalbank.kz/en/exchangerates/ezhednevnye-oficialnye-rynochnye-kursy-valyut,,1,2 state-linked entities among the >=5% shareholders,0,0 foreign entities among the >=5% shareholders,0,0 individuals among the >=5% shareholders,31.12.2024,9.7074E+11,https://kase.kz/en/listing/issuers/KEGC,,KASE / AIX,Kazakhstan,Central Asia
KMCP,Kazakhmys Copper,KZ1C00001379,Main,ordinary share,Basic Materials,investing,2024,1,1,0,1,1,2018,,,4-Aug-25,1,0,https://kase.kz/ru/listing/issuers/KMCP,,"mining company, but marked as investing",2016,2016,1,0,"2,301,158,000,000.00","63,480,000,000.00",KZT,546.7,https://nationalbank.kz/en/exchangerates/ezhednevnye-oficialnye-rynochnye-kursy-valyut,,0,0 state-linked entities among the >=5% shareholders,1,1 foreign entity among the >=5% shareholders,0,0 individuals among the >=5% shareholders,31.12.2024,1.6114E+11,annual report,,KASE,Kazakhstan,Central Asia
KMGD,KM GOLD,KZ1C00001254,Alternative,ordinary share,Basic Materials,"Evaluation, exploration, development of gold and other solid minerals",2024,1,1,0,1,0,2016,,,,0,0,https://kase.kz/ru/listing/issuers/KMGD,,,2002,2002,1,0,"6,922,200,000.00","-1,061,446,000.00",KZT,546.7,https://nationalbank.kz/en/exchangerates/ezhednevnye-oficialnye-rynochnye-kursy-valyut,,0,0 state-linked entities among the >=5% shareholders,0,0 foreign entities among the >=5% shareholders,0,0 individuals among the >=5% shareholders,31.12.2024,020240005328,annual report,,KASE,Kazakhstan,Central Asia
KMGZ,"National Company ""KazMunayGaz""",KZ1C00001122,Main,ordinary share,Energy,carrying out oil operations on blocks awarded to the company on the basis of directi negotiations,2024,1,1,1,1,1,2015,,,7-Feb-06,1,1,https://www.kmg.kz/en/investors/reporting/,KMG,,2002,2002,1,0,"18,934,647,000,000.00","1,094,247,000,000.00",KZT,546.7,https://nationalbank.kz/en/exchangerates/ezhednevnye-oficialnye-rynochnye-kursy-valyut,,1,3 state-linked entities among the >=5% shareholders,0,0 foreign entities among the >=5% shareholders,0,0 individuals among the >=5% shareholders,31.12.2024,020240000555,annual report,,KASE / AIX,Kazakhstan,Central Asia
KOZN,KoZhaN,KZ1C00001072,Main,ordinary share,Energy,"exploration, production of hydrocarbons",2024,0,0,0,1,1,2015,,,,0,0,https://opi.dfo.kz/en/opi/list/278746102401000000/view,,,2001,2014,1,0,"96,728,742,000.00","10,228,260,000.00",KZT,546.7,https://nationalbank.kz/en/exchangerates/ezhednevnye-oficialnye-rynochnye-kursy-valyut,,0,0 state-linked entities among the >=5% shareholders,0,0 foreign entities among the >=5% shareholders,0,0 individuals among the >=5% shareholders,31.12.2024,010440005294,annual report,reregistered to JSC on 16.10.2014; a single shareholder Maten Petroleum JSC is 100% owned by a Dutch company Sino-Science Netherlands Energy Group B.V.,KASE,Kazakhstan,Central Asia
KSNF,Caspi neft,KZ1C00000694,Main,ordinary share,Energy,extraction and sale of hydrocarbon raw materials,2024,1,1,0,1,1,2012,,,,0,0,https://kase.kz/ru/listing/issuers/KSNF,,,1997,1997,1,0,"115,466,271,000.00","33,554,663,000.00",KZT,546.7,https://nationalbank.kz/en/exchangerates/ezhednevnye-oficialnye-rynochnye-kursy-valyut,,0,0 state-linked entities among the >=5% shareholders,0,0 foreign entities among the >=5% shareholders,0,0 individuals among the >=5% shareholders,31.12.2024,9.7014E+11,annual report,,KASE,Kazakhstan,Central Asia
KZAP,NAC Kazatomprom,KZ1C00001619,Main,ordinary share,Basic Materials,"national operator of exports and imports of uranium and its compounds, nuclear fuel for nuclear plants, special equipment and technology",2024,1,1,0,1,1,2018,1,2018,15-Mar-22,1,1,https://www.kazatomprom.kz/en/investors/godovie_otcheti,KAP,,1997,1997,1,1,"3,821,881,000,000.00","1,132,115,000,000.00",KZT,546.7,https://nationalbank.kz/en/exchangerates/ezhednevnye-oficialnye-rynochnye-kursy-valyut,,1,2 state-linked entities among the >=5% shareholders,0,0 foreign entities among the >=5% shareholders,0,0 individuals among the >=5% shareholders,31.12.2024,9.7024E+11,annual report,,KASE / AIX,Kazakhstan,Central Asia
KZAZ,KazAzot,KZ1C00001395,Main,ordinary share,Basic Materials,"exploration, search, development and production of gas; production and selling of fertilizers",2024,1,1,1,1,1,2017,,,22-Aug-23,0,0,https://www.kazazot.kz/ustoychivoe-razvitie/,,,2005,2016,1,1,"221,854,814,000.00","5,963,543,000.00",KZT,546.7,https://nationalbank.kz/en/exchangerates/ezhednevnye-oficialnye-rynochnye-kursy-valyut,,0,0 state-linked entities among the >=5% shareholders,0,0 foreign entities among the >=5% shareholders,1,1 individual among the >=5% shareholders,31.12.2024,051140001409,annual report,reregistered to JSC on 21.12.2016,KASE,Kazakhstan,Central Asia
KZHR,Karazhyra,KZ1C00001296,Main,ordinary share,Energy,coal mining,2024,1,1,0,1,0,2017,,,,0,0,https://kase.kz/ru/listing/issuers/KZHR,,,2016,2016,1,0,"81,027,893,000.00","7,374,595,000.00",KZT,546.7,https://nationalbank.kz/en/exchangerates/ezhednevnye-oficialnye-rynochnye-kursy-valyut,,0,0 state-linked entities among the >=5% shareholders,0,0 foreign entities among the >=5% shareholders,1,5 individuals among the >=5% shareholders,31.12.2024,021240000409,annual report,,KASE,Kazakhstan,Central Asia
KZTK,Kazakhtelecom,KZ0009093241,Main,ordinary share; preferred share,Telecommunications,"telephone, telegraph, television and radio communications of all types",2024,1,1,0,1,1,1997,,,21-Jul-25,0,0,https://sustainability.telecom.kz/?page_id=1002&lang=en,KZTKp - KZ0009094645,Report on Sustainability within the annual report,1994,NA,1,0,"1,643,421,177,000.00","77,231,293,000.00",KZT,546.7,https://nationalbank.kz/en/exchangerates/ezhednevnye-oficialnye-rynochnye-kursy-valyut,,1,1 state-linked entity among the >=5% shareholders,0,0 foreign entities among the >=5% shareholders,0,0 individuals among the >=5% shareholders,31.12.2024,9.4124E+11,annual report,,KASE,Kazakhstan,Central Asia
KZTO,KazTransOil,KZ1C00000744,Main,ordinary share,Energy,"oil transporting service including pipeline, sea and railroad transport; transportation of oil products and water using pipeline system; oil loading operations",2024,1,1,0,1,1,2012,,,,1,0,https://kaztransoil.kz/en/to_shareholders_and_investors/annual_reports/,,,1997,1997,1,0,"1,380,081,152,000.00","41,577,965,000.00",KZT,546.7,https://nationalbank.kz/en/exchangerates/ezhednevnye-oficialnye-rynochnye-kursy-valyut,,1,1 state-linked entity among the >=5% shareholders,0,0 foreign entities among the >=5% shareholders,0,0 individuals among the >=5% shareholders,31.12.2024,9.7054E+11,annual report,"90% of the Company's shares belong to National Company “KazMunayGas” JSC;  67.42% of KMG shares belong to the Government of the Republic of Kazakhstan represented by Sovereign Wealth Fund “Samruk-Kazyna” JSC (hereinafter − Samruk-Kazyna), 20% of KMG shares belong to the Ministry of Finance of the Republic of Kazakhstan, 9.58% of KMG shares belong to the Republic State Institution «National Bank of the Republiс of Kazakhstan»",KASE,Kazakhstan,Central Asia
LNPT,KMK Munai,KZ1C00000215,Main,ordinary share,Energy,"search, exploration, production and sale of hydrocarbon raw materials",2024,1,1,0,1,1,2009,,,,0,0,https://kase.kz/ru/listing/issuers/LNPT,,,2004,NA,1,0,"100,264,812,000.00","3,362,200,000.00",KZT,546.7,https://nationalbank.kz/en/exchangerates/ezhednevnye-oficialnye-rynochnye-kursy-valyut,,0,0 state-linked entities among the >=5% shareholders,1,1 foreign entity among the >=5% shareholders,0,0 individuals among the >=5% shareholders,31.12.2024,040440000209,annual report,,KASE,Kazakhstan,Central Asia
LOGC,LOGYCOM,KZ1C00000892,Main,ordinary share,Technology,"design, production and sale of electronic equipment, electronic components, computers and radio-electronic devices; design, production, implementation and maintenance of software and hardware systems for managing economic, production, technological and other processes using Internet technologies; performing installation, adjustment, repair, support and maintenance of electronic, computing and radio-electronic equipment, security and fire alarm systems, structured cabling systems, video surveillance systems; consulting services in the field of information technology",2024,1,1,0,1,0,2013,,,,0,0,https://kase.kz/ru/listing/issuers/LOGC,,,1998,1998,1,0,"56,933,649,000.00","956,293,000.00",KZT,546.7,https://nationalbank.kz/en/exchangerates/ezhednevnye-oficialnye-rynochnye-kursy-valyut,,0,0 state-linked entities among the >=5% shareholders,1,1 foreign entity among the >=5% shareholders,0,0 individuals among the >=5% shareholders,31.12.2024,9.8114E+11,annual report,,KASE,Kazakhstan,Central Asia
MATN,Maten Petroleum,KZ1C00000868,Main,ordinary share,Energy,oil exploration and production,2024,0,0,0,1,0,2013,,,,0,0,https://opi.dfo.kz/en/opi/list/278746101468000000/view,,,2010,2010,1,0,"246,159,246,000.00","12,116,812,000.00",KZT,546.7,https://nationalbank.kz/en/exchangerates/ezhednevnye-oficialnye-rynochnye-kursy-valyut,,0,0 state-linked entities among the >=5% shareholders,1,1 foreign entity among the >=5% shareholders,0,0 individuals among the >=5% shareholders,31.12.2024,1.0094E+11,annual report,,KASE,Kazakhstan,Central Asia
MKBW,Maikuben-West,KZ1C00014422,Main,ordinary share,Energy,extraction and sale of brown coal,2024,1,1,0,1,1,2022,,,,0,0,https://kase.kz/ru/listing/issuers/MKBW,,,2005,2005,1,0,"27,780,358,000.00","1,170,868,000.00",KZT,546.7,https://nationalbank.kz/en/exchangerates/ezhednevnye-oficialnye-rynochnye-kursy-valyut,,0,0 state-linked entities among the >=5% shareholders,0,0 foreign entities among the >=5% shareholders,0,0 individuals among the >=5% shareholders,31.12.2024,050940003769,annual report,reregistered to JSC on 29.09.2021,KASE,Kazakhstan,Central Asia
MMGZ,Mangistaumunaigaz,KZ0009093696,Main,ordinary share; preferred share,Energy,"extraction and transportation of oil and gas; oil refining, sale of oil and petroleum products; exploration and development of oil and gas deposit sites",2024,0,0,0,1,1,1997,,,,1,0,https://opi.dfo.kz/en/opi/list/278746064266000000/view,MMGZp - KZ0009089736,,1999,1995,1,1,"634,273,167,000.00","73,473,533,000.00",KZT,546.7,https://nationalbank.kz/en/exchangerates/ezhednevnye-oficialnye-rynochnye-kursy-valyut,,1,1 state-linked entity among the >=5% shareholders,1,1 foreign entity among the >=5% shareholders,0,0 individuals among the >=5% shareholders,31.12.2024,9.9014E+11,annual report,a copmany has only 1 shareholder that is itself 50/50 owned by 1 state-linked and 1 foreign company,KASE,Kazakhstan,Central Asia
MREK,MRENC,KZ1C00000413,Main,ordinary share,Utilities,"purchase, transport and distribution of electrical energy in Mangistau region (excluding Aktau city)",2024,1,1,0,1,1,2008,,,,0,0,https://kase.kz/ru/listing/issuers/MREK,,,1996,1996,1,1,"61,678,480,000.00","6,435,094,000.00",KZT,546.7,https://nationalbank.kz/en/exchangerates/ezhednevnye-oficialnye-rynochnye-kursy-valyut,,0,0 state-linked entities among the >=5% shareholders,0,0 foreign entities among the >=5% shareholders,0,0 individuals among the >=5% shareholders,31.12.2024,9.2044E+11,annual report,,KASE,Kazakhstan,Central Asia
PHYS,Phystech II,KZ1C00001148,Alternative,ordinary share,Energy,"geological exploration, survey, operation of oil fields, production",2024,1,1,0,1,1,2016,,,,0,0,https://kase.kz/ru/listing/issuers/PHYS,,"in the annual report, there is only a paragraph regarding the social expenses",2015,2015,1,0,"26,317,122,000.00","24,268,000.00",KZT,546.7,https://nationalbank.kz/en/exchangerates/ezhednevnye-oficialnye-rynochnye-kursy-valyut,,0,0 state-linked entities among the >=5% shareholders,0,0 foreign entities among the >=5% shareholders,0,0 individuals among the >=5% shareholders,31.12.2024,1.5064E+11,annual report,,KASE,Kazakhstan,Central Asia
PZVA,"JSC ""POSITIVE-A""",KZ1C00001577,Alternative,ordinary share,Energy,development and implementation of promising projects in various sectors of the economy and monitoring their implementation,2024,1,1,0,1,1,2018,,,,0,0,https://kase.kz/ru/listing/issuers/PZVA,,,2003,NA,1,0,"3,738,959,000.00","-262,220,000.00",KZT,546.7,https://nationalbank.kz/en/exchangerates/ezhednevnye-oficialnye-rynochnye-kursy-valyut,,0,0 state-linked entities among the >=5% shareholders,0,0 foreign entities among the >=5% shareholders,1,1 individual among the >=5% shareholders,31.12.2024,030140001264,annual report,,KASE,Kazakhstan,Central Asia
RAHT,LOTTE Rakhat,KZ000A1CTMZ4,Main,ordinary share,Consumer Staples,production and sale of confectionery and other food products,2024,0,0,0,1,1,2004,,,,1,0,https://opi.dfo.kz/en/opi/list/278746077554000000/view,,,1992,1992,1,1,"76,284,109,000.00","6,307,820,000.00",KZT,546.7,https://nationalbank.kz/en/exchangerates/ezhednevnye-oficialnye-rynochnye-kursy-valyut,,0,0 state-linked entities among the >=5% shareholders,1,1 foreign entity among the >=5% shareholders,0,0 individuals among the >=5% shareholders,31.12.2024,9.2054E+11,annual report,,KASE,Kazakhstan,Central Asia
RGBR,RG Brands,KZ1C00000496,Main,ordinary share; preferred share,Consumer Staples,"production and sale of natural juices, drinks; provision of marketing services",2024,0,0,0,1,0,2010,,,,0,0,https://opi.dfo.kz/en/opi/list/278746081505000000/view,RGBRp - KZ1P00000509,,1998,NA,1,0,"139,829,391,000.00","14,130,083,000.00",KZT,546.7,https://nationalbank.kz/en/exchangerates/ezhednevnye-oficialnye-rynochnye-kursy-valyut,,0,0 state-linked entities among the >=5% shareholders,1,1 foreign entity among the >=5% shareholders,0,0 individuals among the >=5% shareholders,31.12.2024,010340003839,annual report,reregistered to JSC on 27.03.2001,KASE,Kazakhstan,Central Asia
SAS_,S.A.S.,KZ1C00000827,Alternative,ordinary share,Real Estate,"leasing of offices, trading and storage facilities",2024,1,1,0,1,1,2012,,,,0,0,https://kase.kz/ru/listing/issuers/SAS_,,,2003,NA,1,0,"3,258,521,000.00","263,330,000.00",KZT,546.7,https://nationalbank.kz/en/exchangerates/ezhednevnye-oficialnye-rynochnye-kursy-valyut,,0,0 state-linked entities among the >=5% shareholders,0,0 foreign entities among the >=5% shareholders,1,1 individual among the >=5% shareholders,31.12.2024,031240000532,annual report,,KASE,Kazakhstan,Central Asia
SHUP,Shubarkol Premium,KZ1C00001445,Main,ordinary share,Energy,"exploration, production, sale and purchase of coal products, mining operations",2024,1,1,0,1,0,2017,,,,0,0,https://kase.kz/ru/listing/issuers/SHUP,,,2013,2017,1,0,"88,692,211,000.00","5,840,687,000.00",KZT,546.7,https://nationalbank.kz/en/exchangerates/ezhednevnye-oficialnye-rynochnye-kursy-valyut,,0,0 state-linked entities among the >=5% shareholders,0,0 foreign entities among the >=5% shareholders,1,2 individuals among the >=5% shareholders,31.12.2024,1.3044E+11,annual report,reregistred on 24.04.2017,KASE,Kazakhstan,Central Asia
SHZN,ShalkiyaZinc,KZ1C00000967,Alternative,ordinary share,Basic Materials,extraction of polymetallic ores,2024,0,0,0,1,0,2013,,,,0,0,https://opi.dfo.kz/en/opi/list/278746064436000000/view,,,2001,2013,1,0,"139,724,887,000.00","-5,173,111,000.00",KZT,546.7,https://nationalbank.kz/en/exchangerates/ezhednevnye-oficialnye-rynochnye-kursy-valyut,,1,1 state-linked entity among the >=5% shareholders,0,0 foreign entities among the >=5% shareholders,0,0 individuals among the >=5% shareholders,31.12.2024,010440003931,annual report,29.03.2013,KASE,Kazakhstan,Central Asia
TRRX,Terrox Metals,KZ1C00015502,Alternative,ordinary share,Basic Materials,extraction of precious metals and rare metal ores,2024,0,0,0,0,0,2026,,,,0,0,https://kase.kz/ru/listing/issuers/TRRX,,,2025,NA,1,0, NA , NA ,NA,NA,NA,,NA,NA,NA,NA,NA,NA,NA,2.5074E+11,,,KASE,Kazakhstan,Central Asia
ULBS,ULMUS BESSHOKY (ULMUS BESSHOKY),KZ1C00001627,Alternative,ordinary share,Basic Materials,geological exploration and survey activities,2024,1,1,0,1,0,2019,,,,1,0,https://kase.kz/ru/listing/issuers/ULBS,,,2013,2013,1,0,"15,405,063,000.00","-329,197,000.00",KZT,546.7,https://nationalbank.kz/en/exchangerates/ezhednevnye-oficialnye-rynochnye-kursy-valyut,,0,0 state-linked entities among the >=5% shareholders,0,0 foreign entities among the >=5% shareholders,1,2 individuals among the >=5% shareholders,31.12.2024,1.3114E+11,annual report,reregistere to JSC on 25.07.2018,KASE,Kazakhstan,Central Asia
UTMK,Ust-Kamenogorsk Titanium Magnesium Plant,KZ000A1CTM59,Main,ordinary share; preferred share,Basic Materials,"production and sale of non-ferrous metals, accompanying products and consumer goods; foreign economic activity; fulfillment of works for and rendering services to enterprises, organizations and individuals",2024,1,1,0,1,1,1997,,,,0,0,https://kase.kz/ru/listing/issuers/UTMK,UTMKp - KZ000A1CTM67,,1995,1995,1,1,"253,135,349,000.00","1,345,309,000.00",KZT,546.7,https://nationalbank.kz/en/exchangerates/ezhednevnye-oficialnye-rynochnye-kursy-valyut,,0,0 state-linked entities among the >=5% shareholders,1,6 foreign entities among the >=5% shareholders,0,0 individuals among the >=5% shareholders,31.12.2024,9.5094E+11,annual report,,KASE,Kazakhstan,Central Asia
SOG,SOZAK OIL AND GAS JSC,KZ1C00013630,,Ordinary shares,Energy,"exploration, appraisal, development and production of hydrocarbons",2024,1,1,0,1,1,2024,,,,0,0,https://market.aixkz.com/details/SOG/issuer-disclosures,,,2001,2019,1,0,"68,524,624,000.00","-1,705,166,000.00",KZT,546.7,https://nationalbank.kz/en/exchangerates/ezhednevnye-oficialnye-rynochnye-kursy-valyut,,0,0 state-linked entities among the >=5% shareholders,1,5 foreign entities among the >=5% shareholders,0,0 individuals among the >=5% shareholders,31.12.2024,010740001351,reregistered to LLP on 04.09.2019,,AIX,Kazakhstan,Central Asia
CORE.K,SOLIDCORE RESOURCES PLC,KZAAAAAAAAA5,,Ordinary shares,Basic Materials,Activities of holding companies,2024,1,1,0,1,1,2019,,,,0,0,https://market.aixkz.com/details/CORE.K/issuer-disclosures,,annual fin report in annual report,2010,NA,1,0,"2,069,000,000.00","-1,512,000,000.00",USD,1.0438,https://nationalbank.kz/en/exchangerates/ezhednevnye-oficialnye-rynochnye-kursy-valyut,,0,0 state-linked entities among the >=5% shareholders,1,1 foreign entity among the >=5% shareholders,0,0 individuals among the >=5% shareholders,31.12.2024,2.30841E+11,annual report,,AIX,Kazakhstan,Central Asia
AGMK,Olmaliq KMK AJ,UZ7000550002,Standard,Shares,Basic Materials,24440 Copper production,2024,0,0,1,1,1,2010,,,,0,0,https://agmk.uz/en/menu/sustainability-reports,,access to full esg report is restricted,1994,1994,1,1,"67,083,840,000,000.00","7,337,922,000,000.00",UZS,13436.01,https://cbu.uz/en/arkhiv-kursov-valyut/,,1,1 state-linked entity among the >=20% shareholders,0,0 foreign entities among the >=20% shareholders,0,0 individuals among the >=20% shareholders,15.08.2022,202328794,https://openinfo.uz/ru/facts/36/5577,the date of last canges,UZSE,Uzbekistan,Central Asia
BECM,Bekobodsement AJ,UZ7028450003,Standard,Shares,Industrials,23510 Cement production,2024,0,0,0,1,1,2022,,,,0,0,https://openinfo.uz/ru/organizations/382?tab=finance&page=1&isu_cd=UZ7028450003&stock_type=common,,,2006,2006,1,1,"762,579,987,000.00","-44,993,950,000.00",UZS,13436.01,https://cbu.uz/en/arkhiv-kursov-valyut/,,0,0 state-linked entities among the >=20% shareholders,1,3 foreign entities among the >=20% shareholders,0,0 individuals among the >=20% shareholders,02.07.2024,200459808,https://openinfo.uz/ru/facts/36/6778,,UZSE,Uzbekistan,Central Asia
BIOK,Biokimyo AJ,UZ7025870005,Standard,Shares,Basic Materials,20140 - Manufacture of other basic organic chemicals,2024,0,0,0,1,1,2013,,,,0,0,https://www.biokimyo.uz/ru/menu/godovye-otchety-emitenta,,,2014,2014,1,1,"174,930,061,000.00","26,037,647,000.00",UZS,13436.01,https://cbu.uz/en/arkhiv-kursov-valyut/,,0,0 state-linked entities among the >=20% shareholders,0,0 foreign entities among the >=20% shareholders,0,0 individuals among the >=20% shareholders,11.03.2024,200468069,https://openinfo.uz/ru/facts/36/6557,,UZSE,Uzbekistan,Central Asia
BNGP,Buxoroneftgazparmalash AJ,UZ7045550009,Privatizatsiya,Shares,Energy,09100 - Technical services in the field of oil and natural gas production,2024,0,0,0,1,1,2023,,,,0,0,https://bngp.uz/2024-3/,,,2014,NA,1,1,"108,241,585,540.00","5,310,992,190.00",UZS,13436.01,https://cbu.uz/en/arkhiv-kursov-valyut/,,1,1 state-linked entity among the >=20% shareholders,0,0 foreign entities among the >=20% shareholders,0,0 individuals among the >=20% shareholders,30.11.2023,200978613,https://bngp.uz/akts-kapital/,ownership structure is given but not clear which of the shareholders are foreign; ООО INTEGRA EURASIA is registered in UZB but its 100-shareholder is a foreign company,UZSE,Uzbekistan,Central Asia
BTRL,Boshtransloyiha AJ,UZ7052610001,Privatizatsiya,Shares,Industrials,71120 - Activities in the field of engineering surveys and provision of technical advice in these areas,2024,0,0,0,1,1,2024,,,,0,0,https://boshtrans.uz/en/korporativnoe-upravlenie/raskryitie-informaczii/otchetnost-po-mezhdunarodnomu-standartu-finansovoj-otchetnosti-(msfo),,,1994,1953,0,0,"23,305,455,000.00","1,340,681,000.00",UZS,13436.01,https://cbu.uz/en/arkhiv-kursov-valyut/,,1,2 state-linked entities among the >=20% shareholders,0,0 foreign entities among the >=20% shareholders,0,0 individuals among the >=20% shareholders,02.12.2024,201052150,https://openinfo.uz/ru/facts/36/7081,,UZSE,Uzbekistan,Central Asia
CBSK,Chilonzor buyum savdo kompleksi AJ,UZ7038380000,Standard,Shares,Real Estate,68201 - Lease and management of premises for trade,2024,0,0,0,1,1,2014,,,,1,0,https://chbsk.uz/for-shareholders/fin-reports/796-balans-2024em,,,1994,NA,1,0,"157,906,053,000.00","30,522,283,000.00",UZS,13436.01,https://cbu.uz/en/arkhiv-kursov-valyut/,,0,0 state-linked entities among the >=20% shareholders,0,0 foreign entities among the >=20% shareholders,0,0 individuals among the >=20% shareholders,24.04.2024,200797009,https://openinfo.uz/ru/facts/36/6631,,UZSE,Uzbekistan,Central Asia
CLIK,CLICK AJ,UZ7058550011,Transit,Shares,Technology,62090 - Other activities in the field of information technology and computer systems,2024,0,0,0,1,1,2025,,,,0,0,https://openinfo.uz/ru/organizations/1020?tab=finance&page=1,,,2011,NA,1,0,"433,482,005,000.00","295,089,699,000.00",UZS,13436.01,https://cbu.uz/en/arkhiv-kursov-valyut/,,0,0 state-linked entities among the >=20% shareholders,0,0 foreign entities among the >=20% shareholders,1,1 individual among the >=20% shareholders,31.12.2024,302134733,https://openinfo.uz/ru/facts/36/7683,,UZSE,Uzbekistan,Central Asia
DORI,DORI-DARMON AK,UZ7054590003,Standard,Shares,Consumer Staples,46460 - Wholesale trade of pharmaceutical products,2024,0,0,0,1,1,2020,,,,0,0,https://openinfo.uz/ru/organizations/636?tab=finance&page=1,,,2005,2005,1,1,"439,249,683,690.00","1,229,147,140.00",UZS,13436.01,https://cbu.uz/en/arkhiv-kursov-valyut/,,1,1 state-linked entity among the >=20% shareholders,0,0 foreign entities among the >=20% shareholders,0,0 individuals among the >=20% shareholders,08.10.2024,201389395,https://openinfo.uz/ru/facts/36/7011,,UZSE,Uzbekistan,Central Asia
EQQU,Elektrqishloqqurilish AJ,UZ7007130006,Standard,Shares,Industrials,43210 - Electrical and installation work,2024,0,0,0,1,1,2023,,,,0,0,https://uzeqq.uz/en/raskrytie-informacii/,,,2014,1995,1,1,"162,952,109,000.00","23,239,946,000.00",UZS,13436.01,https://cbu.uz/en/arkhiv-kursov-valyut/,,0,0 state-linked entities among the >=20% shareholders,0,0 foreign entities among the >=20% shareholders,0,0 individuals among the >=20% shareholders,05.01.2024,200523561,https://openinfo.uz/ru/facts/36/6483,ownership structure is given but not clear which of the shareholders are foreign; ИП ООО «GRID SOLUTIONS» is registered in UZB but its 100-shareholder is a foreign company,UZSE,Uzbekistan,Central Asia
FRAZ,Farg'onaazot AJ,UZ7054350002,Transit,Shares,Basic Materials,20151 - Fertilizer production,2024,0,0,0,1,1,2023,,,,0,0,https://azot.uz/ru/menu/godovye-otchety,,,2016,2016,1,1,"2,079,479,281,000.00","76,246,272,000.00",UZS,13436.01,https://cbu.uz/en/arkhiv-kursov-valyut/,,0,0 state-linked entities among the >=20% shareholders,1,1 foreign individual among the >=20% shareholders,1,1 individual among the >=20% shareholders,12.08.2024,200202240,https://openinfo.uz/ru/facts/36/6929,,UZSE,Uzbekistan,Central Asia
JASM,JSM AJ,UZ7012450001,Privatizatsiya,Shares,Industrials,25110 - Manufacture of building metal structures and products,2024,0,0,0,1,1,2022,,,,0,0,https://www.uzse.uz/isu_infos/UZ7012450001/detail,,,1993,1995,1,1,"112,944,396,000.00","-1,805,323,000.00",UZS,13436.01,https://cbu.uz/en/arkhiv-kursov-valyut/,,0,0 state-linked entities among the >=20% shareholders,0,0 foreign entities among the >=20% shareholders,0,0 individuals among the >=20% shareholders,24.06.2024,200002854,https://openinfo.uz/ru/facts/36/6733,,UZSE,Uzbekistan,Central Asia
KSCM,Quvasoycement AJ,UZ7022100000,Standard,Shares,Industrials,23510 - Cement production,2024,0,0,0,0,1,2010,,,,0,0,https://kuvasaycement.uz/ru/hisobot,,,2015,1995,1,1, NA , NA ,NA,NA,NA,,0,0 state-linked entities among the >=20% shareholders,0,0 foreign entities among the >=20% shareholders,0,0 individuals among the >=20% shareholders,23.12.2024,200124805,https://openinfo.uz/ru/facts/36/7114,,UZSE,Uzbekistan,Central Asia
KVTS,Kvarts AJ,UZ7025770007,Standard,Shares,Industrials,23110 - Manufacture of sheet glass,2024,0,0,0,1,1,2015,,,,0,0,https://docs.kvarts.uz//index.php?subcat=84&PHPSESSID=6aicsag239tvkrf83l002sb6a3,,,1995,1975,0,0,"773,721,874,000.00","-105,904,750,000.00",UZS,13436.01,https://cbu.uz/en/arkhiv-kursov-valyut/,,0,0 state-linked entities among the >=20% shareholders,0,0 foreign entities among the >=20% shareholders,0,0 individuals among the >=20% shareholders,26.07.2024,200124765,https://openinfo.uz/ru/facts/36/6909,,UZSE,Uzbekistan,Central Asia
METQ,METQ AJ,UZ7035230000,Privatizatsiya,Shares,Industrials,42220 - Construction of distribution facilities for electricity and telecommunications,2024,0,0,0,1,1,2020,,,,0,0,https://openinfo.uz/ru/organizations/733?tab=finance&page=1,,,1996,1996,1,1,"60,538,839,000.00","14,233,769,000.00",UZS,13436.01,https://cbu.uz/en/arkhiv-kursov-valyut/,,0,0 state-linked entities among the >=20% shareholders,0,0 foreign entities among the >=20% shareholders,0,0 individuals among the >=20% shareholders,15.10.2024,200837344,https://openinfo.uz/ru/facts/36/7017,,UZSE,Uzbekistan,Central Asia
MIQE,Minora qurish ekspeditsiyasi AJ,UZ7007440009,Privatizatsiya,Shares,Industrials,43320 - Joinery and carpentry,2024,0,0,0,1,1,2020,,,,0,0,https://www.mqe-aj.uz/ru/aktsioneram/otchjoty/otchjot-emitenta/60-aktsioneram/otchjoty/otchjot-emitenta/242-otchjot-emitenta-2025,,,2017,2017,1,1,"73,196,855,000.00","4,448,761,000.00",UZS,13436.01,https://cbu.uz/en/arkhiv-kursov-valyut/,,1,1 state-linked entity among the >=20% shareholders,0,0 foreign entities among the >=20% shareholders,0,0 individuals among the >=20% shareholders,28.06.2024,200697734,https://www.mqe-aj.uz/ru/aktsioneram/affilirovannye-litsa,,UZSE,Uzbekistan,Central Asia
MXUS,93-MAXSUS TREST AJ,UZ7012480008,Privatizatsiya,Shares,Industrials,"43990 - Other specialized construction work, not included in other categories",2024,0,0,0,1,1,2024,,,,0,0,https://openinfo.uz/ru/organizations/522?tab=finance&page=1,,,2000,1993,1,1,"14,300,660,000.00","-394,429,000.00",UZS,13436.01,https://cbu.uz/en/arkhiv-kursov-valyut/,,1,1 state-linked entity among the >=20% shareholders,0,0 foreign entities among the >=20% shareholders,0,0 individuals among the >=20% shareholders,09.07.2024,201051492,https://openinfo.uz/ru/facts/36/6846,,UZSE,Uzbekistan,Central Asia
NGQS,Neft va gaz quduqlarini sinash AJ,UZ7042650000,Privatizatsiya,Shares,Energy,43130 - Exploratory drilling,2024,0,0,0,1,1,2025,,,,0,0,https://www.uzse.uz/isu_infos/UZ7042650000/detail,,,1996,1996,1,0,"72,229,800,000.00","727,193,000.00",UZS,13436.01,https://cbu.uz/en/arkhiv-kursov-valyut/,,1,1 state-linked entity among the >=20% shareholders,0,0 foreign entities among the >=20% shareholders,0,0 individuals among the >=20% shareholders,31.12.2024,201787580,https://openinfo.uz/ru/reports/jsc/annual/5340,,UZSE,Uzbekistan,Central Asia
NGQT,NGQT AJ,UZ7019130002,Privatizatsiya,Shares,Industrials,41202 - Construction of non-residential buildings,2024,0,0,0,1,0,2024,,,,1,0,https://openinfo.uz/ru/organizations/131?tab=finance&page=1,,,1994,1975,0,0,"24,085,666,000.00","275,563,000.00",UZS,13436.01,https://cbu.uz/en/arkhiv-kursov-valyut/,,1,1 state-linked entity among the >=20% shareholders,0,0 foreign entities among the >=20% shareholders,0,0 individuals among the >=20% shareholders,19.06.2023,201514248,https://openinfo.uz/ru/facts/36/6058,,UZSE,Uzbekistan,Central Asia
OHDN,Ohangaron don AJ,UZ7023190000,Standard,Shares,Consumer Staples,10610 - Production of flour and cereal products,2024,0,0,0,1,1,2022,,,,0,0,https://ohangarondon.uz/msfo,,,1995,1995,1,0,"250,705,798,000.00","-1,375,559,000.00",UZS,13436.01,https://cbu.uz/en/arkhiv-kursov-valyut/,,0,0 state-linked entities among the >=20% shareholders,0,0 foreign entities among the >=20% shareholders,0,0 individuals among the >=20% shareholders,26.01.2024,200463369,https://openinfo.uz/ru/facts/36/6506,,UZSE,Uzbekistan,Central Asia
ORGS,ORGRES AJ,UZ7023070004,Privatizatsiya,Shares,Industrials,71120 - Activities in the field of engineering surveys and provision of technical advice in these areas,2024,0,0,0,1,1,2023,,,,0,0,https://ao.orgres.uz/otchety-i-sushhestvennye-fakty/,,,2014,2014,1,1,"15,390,778,000.00","89,989,000.00",UZS,13436.01,https://cbu.uz/en/arkhiv-kursov-valyut/,,0,0 state-linked entities among the >=20% shareholders,0,0 foreign entities among the >=20% shareholders,0,0 individuals among the >=20% shareholders,11.07.2023,200797522,https://openinfo.uz/ru/organizations/611?tab=facts&page=1&isu_cd=UZ7023070004&stock_type=common,,UZSE,Uzbekistan,Central Asia
PLST,Portlatishsanoat AJ,UZ7011550009,Privatizatsiya,Shares,Industrials,43120 - Preparatory work at the construction site,2024,0,0,0,1,1,2024,,,,0,0,https://openinfo.uz/ru/organizations/690?tab=finance&page=1,,,1999,1999,1,1,"3,580,106,000.00","-1,458,423,410.00",UZS,13436.01,https://cbu.uz/en/arkhiv-kursov-valyut/,,1,1 state-linked entity among the >=20% shareholders,0,0 foreign entities among the >=20% shareholders,0,0 individuals among the >=20% shareholders,25.01.2024,201190566,https://openinfo.uz/ru/facts/36/6502,,UZSE,Uzbekistan,Central Asia
QATT,Qashqadaryo texnologik transport AJ,UZ7034730000,Privatizatsiya,Shares,Industrials,49410 - Freight transport by road,2024,0,0,0,1,1,2020,,,,0,0,https://qashtt.uz/%d0%b9%d0%b8%d0%bb%d0%bb%d0%b8%d0%ba-%d2%b3%d0%b8%d1%81%d0%be%d0%b1%d0%be%d1%82%d0%bb%d0%b0%d1%80/,,,2017,2017,1,0,"42,692,816,000.00","1,186,529,000.00",UZS,13436.01,https://cbu.uz/en/arkhiv-kursov-valyut/,,1,1 state-linked entity among the >=20% shareholders,0,0 foreign entities among the >=20% shareholders,0,0 individuals among the >=20% shareholders,04.09.2023,201560065,https://openinfo.uz/ru/facts/36/6336,,UZSE,Uzbekistan,Central Asia
QNPI,Qo'qon neftgaz parmalash ishlari AJ,UZ7041730001,Privatizatsiya,Shares,Energy,43130 - Exploratory drilling,2024,0,0,0,0,1,2024,,,,0,0,https://www.uzse.uz/reports/3748/financial,,,1998,1998,1,1, NA , NA ,NA,NA,NA,,1,1 state-linked entity among the >=20% shareholders,0,0 foreign entities among the >=20% shareholders,0,0 individuals among the >=20% shareholders,17.11.2021,200136212,https://openinfo.uz/ru/facts/36/4947,,UZSE,Uzbekistan,Central Asia
QZSM,Qizilqumsement AJ,UZ7029000005,Standard,Shares,Industrials,23510 Cement production,2024,0,0,0,1,1,2013,,,,0,0,https://www.qizilqumsement.uz/news?cat=4,,,1997,1994,1,1,"4,443,018,674,000.00","-127,300,625,000.00",UZS,13436.01,https://cbu.uz/en/arkhiv-kursov-valyut/,,0,0 state-linked entities among the >=20% shareholders,0,0 foreign entities among the >=20% shareholders,0,0 individuals among the >=20% shareholders,04.12.2023,200002878,https://openinfo.uz/ru/facts/36/6446,,UZSE,Uzbekistan,Central Asia
RLSG,REGAL STAY GRAND AJ,UZ7059260016,Transit,Shares,Consumer Discretionary,55100 - Hotels and similar accommodations,2024,0,0,0,0,0,2026,,,,0,0,https://www.uzse.uz/isu_infos/UZ7059260016/detail,,,2026,NA,1,0, NA , NA ,NA,NA,NA,,0,0 state-linked entities among the >=20% shareholders,0,0 foreign entities among the >=20% shareholders,1,1 individual among the >=20% shareholders,01.06.2026,312731659,https://openinfo.uz/ru/facts/36/8076,https://orginfo.uz/ru/organization/73eb5811ac74/,UZSE,Uzbekistan,Central Asia
SANE,Sarbon-Neftegaz AJ,UZ7023760000,Standard,Shares,Industrials,49410 - Freight transport by road,2024,0,0,0,1,1,2025,,,,0,0,https://www.sarbon-neftegaz.uz/index.php/korporativnoe-upravlenie,,,1994,1994,1,0,"16,597,406,000.00","280,388,000.00",UZS,13436.01,https://cbu.uz/en/arkhiv-kursov-valyut/,,0,0 state-linked entities among the >=20% shareholders,0,0 foreign entities among the >=20% shareholders,0,0 individuals among the >=20% shareholders,07.07.2022,200547057,https://openinfo.uz/ru/facts/36/5393,,UZSE,Uzbekistan,Central Asia
SOLA,SOLUTIONS LAB AJ,UZ7057740019,Transit,Shares,Technology,62010 - Computer programming activities,2024,0,0,0,1,1,2022,,,,0,0,https://openinfo.uz/ru/organizations/931?tab=finance&page=1,,,2021,2021,1,0,"636,872,163,000.00","237,601,860,000.00",UZS,13436.01,https://cbu.uz/en/arkhiv-kursov-valyut/,,0,0 state-linked entities among the >=20% shareholders,0,0 foreign entities among the >=20% shareholders,0,0 individuals among the >=20% shareholders,14.10.2024,308349548,https://openinfo.uz/ru/facts/36/7018,,UZSE,Uzbekistan,Central Asia
TAPA,Taminotchi-Paxta AJ,UZ7006050007,Transit,Shares,Industrials,52100 - Warehousing and storage (except for zonal cotton terminals of JSC Uzpakhtasanoat),2024,0,0,0,1,1,2021,,,,0,0,https://www.pahta.uz/korporativnoe-upravlenie/raskrytie-informatsii/godovye-otchety/index.php,,,1999,1999,1,1,"14,580,212,000.00","580,615,000.00",UZS,13436.01,https://cbu.uz/en/arkhiv-kursov-valyut/,,0,0 state-linked entities among the >=20% shareholders,1,1 foreign individual among the >=20% shareholders,0,0 individuals among the >=20% shareholders,09.07.2024,200453562,https://openinfo.uz/ru/facts/36/6850,,UZSE,Uzbekistan,Central Asia
TGPG,Tashgiprogor AJ,UZ7036730008,Privatizatsiya,Shares,Industrials,71110 - Activities in the field of architecture,2024,0,0,0,1,1,2024,,,,0,0,https://tashgiprogor.uz/corporate-management.html,,,2008,1937,0,0,"8,382,727,950.00","-1,926,069,450.00",UZS,13436.01,https://cbu.uz/en/arkhiv-kursov-valyut/,,1,1 state-linked entity among the >=20% shareholders,0,0 foreign entities among the >=20% shareholders,0,0 individuals among the >=20% shareholders,22.11.2024,200898412,https://openinfo.uz/ru/facts/36/7072,,UZSE,Uzbekistan,Central Asia
TKDM,TDM AJ,UZ7026980001,Standard,Shares,Consumer Staples,10610 - Production of flour and cereal products,2024,0,0,0,1,1,2024,,,,1,0,https://openinfo.uz/ru/organizations/726?tab=finance&page=1,,,1997,1931,0,0,"438,924,469,000.00","-26,777,267,000.00",UZS,13436.01,https://cbu.uz/en/arkhiv-kursov-valyut/,,0,0 state-linked entities among the >=20% shareholders,0,0 foreign entities among the >=20% shareholders,0,0 individuals among the >=20% shareholders,03.06.2024,200547706,https://openinfo.uz/ru/facts/36/6706,20% or more are held by a 100% state owned company,UZSE,Uzbekistan,Central Asia
UPAT,O'zparavtotrans AJ,UZ7032730002,Privatizatsiya,Shares,Industrials,49410 - Freight transport by road,2024,0,0,0,1,1,2020,,,,0,0,https://openinfo.uz/media/int_report/fde5bc45-96a8-439a-a9b1-2d1f885b4d13.pdf,,,2014,2014,1,0,"46,710,328,000.00","1,865,743,000.00",UZS,13436.01,https://cbu.uz/en/arkhiv-kursov-valyut/,,1,1 state-linked entity among the >=20% shareholders,0,0 foreign entities among the >=20% shareholders,0,0 individuals among the >=20% shareholders,15.03.2023,201782493,https://openinfo.uz/ru/facts/36/5853,,UZSE,Uzbekistan,Central Asia
UPOS,O'zbekiston pochtasi AJ,UZ7005280001,Standard,Shares,Industrials,53100 - Postal services under universal service obligation,2024,0,0,0,1,1,2022,,,,0,0,https://uz.post/ru/sahifalar/Yillik%20hisobotlar?id=47,,,2003,2003,1,1,"395,827,463,000.00","843,900,000.00",UZS,13436.01,https://cbu.uz/en/arkhiv-kursov-valyut/,,1,1 state-linked entity among the >=20% shareholders,0,0 foreign entities among the >=20% shareholders,0,0 individuals among the >=20% shareholders,27.08.2024,200833833,https://openinfo.uz/ru/facts/36/6956,,UZSE,Uzbekistan,Central Asia
UQEQ,O'zQEQ AJ,UZ7042540003,Transit,Shares,Industrials,42220 - Construction of distribution facilities for electricity and telecommunications,2024,0,0,0,1,1,2019,,,,0,0,https://www.uzqeq.uz/en/docs/type/id/7,,,2014,NA,1,1,"143,045,564,690.00","3,878,313,520.00",UZS,13436.01,https://cbu.uz/en/arkhiv-kursov-valyut/,,0,0 state-linked entities among the >=20% shareholders,1,2 foreign entities among the >=20% shareholders,0,0 individuals among the >=20% shareholders,04.09.2024,200714671,https://openinfo.uz/ru/facts/36/6961,,UZSE,Uzbekistan,Central Asia
URGK,Urganchkormmash AJ,UZ7037160007,Transit,Shares,Industrials,28300 - Manufacture of agricultural and forestry machinery,2024,0,0,0,0,1,2019,,,,0,0,https://www.uzse.uz/reports/3591/financial,,,1996,1996,1,1, NA , NA ,NA,,,,0,0 state-linked entities among the >=20% shareholders,0,0 foreign entities among the >=20% shareholders,1,1 individual among the >=20% shareholders,10.07.2024,200409204,https://openinfo.uz/ru/facts/36/6864,,UZSE,Uzbekistan,Central Asia
USMK,QK Uz-SaeMyung Ko. AJ,UZ7054910003,Privatizatsiya,Shares,Consumer Discretionary,29320 - Manufacture of other components and accessories for motor vehicles,2024,0,0,0,1,1,2025,,,,0,0,https://uzsmg.uz/godovye-otchyoty/,,,1996,NA,1,0,"539,735,007,860.00","59,405,614,930.00",UZS,13436.01,https://cbu.uz/en/arkhiv-kursov-valyut/,,0,0 state-linked entities among the >=20% shareholders,1,1 foreign individual among the >=20% shareholders,0,0 individuals among the >=20% shareholders,30.10.2020,202128505,https://openinfo.uz/ru/facts/36/4160,,UZSE,Uzbekistan,Central Asia
UTGA,O'ztransgaz AJ,UZ7043380003,Standard,Shares,Energy,49500 - Pipeline transportation,2024,0,0,1,1,1,2010,,,16-Feb-26,0,0,https://www.utg.uz/en/sustainable-development/,,,2001,1999,1,1,"25,064,000,000,000.00","7,945,000,000,000.00",UZS,13436.01,https://cbu.uz/en/arkhiv-kursov-valyut/,,1,1 state-linked entity among the >=20% shareholders,0,0 foreign entities among the >=20% shareholders,0,0 individuals among the >=20% shareholders,04.12.2024,200626188,https://openinfo.uz/ru/facts/36/7092,,UZSE,Uzbekistan,Central Asia
UTHK,O'Z-TONG HONG KOMPANI AJQK,UZ7044930004,Privatizatsiya,Shares,Consumer Discretionary,29320 - Manufacture of other components and accessories for motor vehicles,2024,0,0,0,1,1,2025,,,,0,0,https://openinfo.uz/ru/organizations/80,,https://www.uzth.uz/ can't be reached,1995,NA,1,0,"559,386,462,860.00","80,568,670,120.00",UZS,13436.01,https://cbu.uz/en/arkhiv-kursov-valyut/,,0,0 state-linked entities among the >=20% shareholders,0,0 foreign entities among the >=20% shareholders,0,0 individuals among the >=20% shareholders,21.07.2023,201832779,https://openinfo.uz/ru/facts/36/6271,technically a copmany does not have 20%+ foreign shreholders but it is a joint Uzbek-Korean enterprise ,UZSE,Uzbekistan,Central Asia
UTYK,O'ztemiryo'lkonteyner AJ,UZ7051720009,Standard,Shares,Industrials,52100 - Warehousing and storage (except for zonal cotton terminals of JSC Uzpakhtasanoat),2024,0,0,0,1,1,2022,,,,0,0,https://openinfo.uz/ru/organizations/528?tab=finance&page=1,,,2001,2004,1,0,"300,135,631,000.00","69,333,154,000.00",UZS,13436.01,https://cbu.uz/en/arkhiv-kursov-valyut/,,0,0 state-linked entities among the >=20% shareholders,0,0 foreign entities among the >=20% shareholders,0,0 individuals among the >=20% shareholders,12.02.2024,203607858,https://openinfo.uz/ru/facts/36/6530,,UZSE,Uzbekistan,Central Asia
UVGT,O'ZVAGONTA'MIR AJ,UZ7051840005,Privatizatsiya,Shares,Industrials,"33171 - Repair and maintenance of railway locomotives and rolling stock, including trams, metro cars and trolleybuses",2024,0,0,0,1,1,2024,,,,0,0,https://openinfo.uz/ru/organizations/731?tab=finance&page=1,,,2001,2001,1,0,"70,134,710,000.00","-3,709,063.00",UZS,13436.01,https://cbu.uz/en/arkhiv-kursov-valyut/,,1,1 state-linked entity among the >=20% shareholders,0,0 foreign entities among the >=20% shareholders,0,0 individuals among the >=20% shareholders,04.07.2024,203661294,https://openinfo.uz/ru/facts/36/6810,,UZSE,Uzbekistan,Central Asia
UZGF,O'zbekgeofizika AJ,UZ7007880006,Standard,Shares,Energy,71120 - Activities in the field of engineering surveys and provision of technical advice in these areas,2024,0,0,1,1,1,2010,,,,0,0,https://uzbekgeofizika.uz/en/menu/sustainability-report,,,2002,2002,1,1,"644,463,306,000.00","29,464,672,000.00",UZS,13436.01,https://cbu.uz/en/arkhiv-kursov-valyut/,,1,1 state-linked entity among the >=20% shareholders,0,0 foreign entities among the >=20% shareholders,0,0 individuals among the >=20% shareholders,31.12.2024,201577724,https://openinfo.uz/ru/reports/jsc/annual/5576,"info from an annual report, since a list of affiliated persons is not clear",UZSE,Uzbekistan,Central Asia
UZHM,O'ZBEKKIMYOMASH ZAVODI AJ,UZ7016400002,Standard,Shares,Industrials,28250 - Manufacture of industrial refrigeration and ventilation equipment,2024,0,0,0,1,1,2018,,,,0,0,https://uzbekhimmash.uz/prospekty-emissii-cennyh-bumag-a-takzhe-ezhekvartalnye-i-godovye-otchety,,,1994,1941,0,0,"263,860,158,000.00","6,923,258,000.00",UZS,13436.01,https://cbu.uz/en/arkhiv-kursov-valyut/,,0,0 state-linked entities among the >=20% shareholders,1,2 foreign entities among the >=20% shareholders,0,0 individuals among the >=20% shareholders,31.12.2024,201004028,https://uzbekhimmash.uz/2025-god,"info from a list of affiliated persons available on company's own website, since a list of affiliated persons for 2024 is not clear",UZSE,Uzbekistan,Central Asia
UZIR,O'zbekko'mir AJ,UZ7052260005,Standard,Shares,Energy,05200 - Lignite mining,2024,0,0,0,1,1,2017,,,,0,0,https://www.uzbekcoal.uz/ru/pages/stan,,,1994,1932,0,0,"3,131,652,203,000.00","36,882,732,000.00",UZS,13436.01,https://cbu.uz/en/arkhiv-kursov-valyut/,,1,1 state-linked entity among the >=50% shareholders,0,0 foreign entities among the >=20% shareholders,0,0 individuals among the >=20% shareholders,31.12.2024,200899410,https://openinfo.uz/ru/reports/jsc/annual/5590,"info from an annual report, since a list of affiliated persons is not clear",UZSE,Uzbekistan,Central Asia
UZMK,O'zmetkombinat AJ,UZ7021720006,Standard,Shares,Basic Materials,"24100 - Production of iron, steel and ferroalloys",2024,0,0,0,1,1,2010,,,,0,0,https://www.uzbeksteel.uz/Hisobotlar/c,,,2014,2014,1,1,"14,385,000,000,000.00","904,000,000,000.00",UZS,13436.01,https://cbu.uz/en/arkhiv-kursov-valyut/,,1,2 state-linked entities among the >=20% shareholders,,0 foreign entities among the >=20% shareholders,0,0 individuals among the >=20% shareholders,16.12.2024,200460222,https://openinfo.uz/ru/facts/36/7106,,UZSE,Uzbekistan,Central Asia
UZMT,UzAuto Motors AJ,UZ7003040001,Transit,Shares,Consumer Discretionary,29100 - Manufacture of motor vehicles,2024,0,0,1,1,1,2022,,,,0,0,https://uzautomotors.com/sustain,,,1992,1995,1,0,"2,464,103,000.00","314,948,000.00",USD,1.0399,https://cbu.uz/en/arkhiv-kursov-valyut/,,0,0 state-linked entities among the >=20% shareholders,0,0 foreign entities among the >=20% shareholders,0,0 individuals among the >=20% shareholders,03.08.2021,200244767,https://openinfo.uz/ru/facts/36/4798,"1 USD exchange rates, UZS: Closing exchange rates at the end of the year 12,920.48; Average exchange rates for the year ended 12,652.69 (as of 31/12/2024)",UZSE,Uzbekistan,Central Asia
UZNF,UzMIJ AJ,UZ7058980010,Premium,Shares,Industrials,70220 - Business and Management Consulting,2024,0,0,0,0,0,2026,1,2026,,0,0,https://www.uznif.com/en-uz/corporate-governance,,"investment fund, cross listed with the portfolio consisting of instruments of 13 Uzbek state-owned copmanies",2024,NA,1,0, NA , NA ,NA,NA,NA,,1,1 state-linked entity among the >=50% shareholders,0,0 foreign entities among the >=20% shareholders,0,0 individuals among the >=20% shareholders,09.09.2025,311799463,https://openinfo.uz/ru/facts/36/7668,,UZSE,Uzbekistan,Central Asia
UZNG,O'zbekneftgaz AJ,UZ7036270005,Transit,Shares,Energy,06200 - Natural gas production,2024,0,0,1,1,1,2022,,,,1,0,https://www.ung.uz/esg/esg_database,,,1998,1998,1,0,"136,671,000,000,000.00","5,122,000,000,000.00",UZS,13436.01,https://cbu.uz/en/arkhiv-kursov-valyut/,,1,1 state-linked entity among the >=20% shareholders,0,0 foreign entities among the >=20% shareholders,0,0 individuals among the >=20% shareholders,04.12.2024,200837914,https://openinfo.uz/ru/facts/36/7063,,UZSE,Uzbekistan,Central Asia
UZPN,O'zpartamponaj AJ,UZ7005950009,Privatizatsiya,Shares,Energy,09100 - Technical services in the field of oil and natural gas production,2024,0,0,0,1,1,2020,,,,0,0,https://openinfo.uz/ru/organizations/150?tab=finance&page=1,,,2014,1960,0,0,"39,695,460,000.00","4,032,911,000.00",UZS,13436.01,https://cbu.uz/en/arkhiv-kursov-valyut/,,0,0 state-linked entities among the >=20% shareholders,0,0 foreign entities among the >=20% shareholders,0,0 individuals among the >=20% shareholders,05.12.2024,203025578,https://openinfo.uz/ru/facts/36/7090,,UZSE,Uzbekistan,Central Asia
UZSA,O'zbekiston shampani AJ,UZ7042140002,Transit,Shares,Consumer Staples,"11010 - Distillation, rectification and blending of alcoholic beverages",2024,0,0,0,1,0,2018,,,,0,0,https://openinfo.uz/ru/organizations/720?tab=finance&page=1,,,1996,NA,1,1,"163,828,920,000.00","4,352,389,610.00",UZS,13436.01,https://cbu.uz/en/arkhiv-kursov-valyut/,,1,1 state-linked entity among the >=20% shareholders,0,0 foreign entities among the >=20% shareholders,0,0 individuals among the >=20% shareholders,27.02.2019,200547738,https://openinfo.uz/ru/facts/36/2796,,UZSE,Uzbekistan,Central Asia
UZTL,O'zbektelekom AK,UZ7047110000,Standard,Shares,Telecommunications,61100 - Provision of wired communication services,2024,1,0,1,1,1,2017,,,4-Aug-25,0,0,https://uztelecom.uz/en/about-company/esg/,,,2002,2002,1,0,"14,714,914,431,000.00","801,264,689,000.00",UZS,13436.01,https://cbu.uz/en/arkhiv-kursov-valyut/,,1,1 state-linked entity among the >=20% shareholders,0,0 foreign entities among the >=20% shareholders,0,0 individuals among the >=20% shareholders,31.12.2024,203366731,https://openinfo.uz/ru/reports/jsc/annual/5548,"info from an annual report, since a list of affiliated persons is not clear",UZSE,Uzbekistan,Central Asia
YGSY,Yuggazstroy AJ,UZ7027990009,Privatizatsiya,Shares,Industrials,42210 - Construction of distribution engineering facilities,2024,0,0,0,1,1,2020,,,,0,0,https://openinfo.uz/ru/organizations/482?tab=finance&page=1,,,2014,2014,1,0,"45,099,597,000.00","3,494,398,000.00",UZS,13436.01,https://cbu.uz/en/arkhiv-kursov-valyut/,,1,1 state-linked entity among the >=50% shareholders,0,0 foreign entities among the >=20% shareholders,0,0 individuals among the >=20% shareholders,31.12.2024,200211508,https://openinfo.uz/ru/reports/jsc/annual/5409,"info from an annual report, since a list of affiliated persons is not clear",UZSE,Uzbekistan,Central Asia
YRFS,Yo'lreftrans AJ,UZ7051820007,Privatizatsiya,Shares,Industrials,"77390 - Renting and leasing of other machinery, equipment and supplies not included in other categories",2024,0,0,0,1,1,2025,,,,0,0,https://openinfo.uz/ru/organizations/358?tab=finance&page=1,,IFRS statements are mentioned inan auditor's report but not published,2001,1995,1,1,"60,431,765,000.00","15,050,952,000.00",UZS,13436.01,https://cbu.uz/en/arkhiv-kursov-valyut/,,1,1 state-linked entity among the >=20% shareholders,1,1 foreign individual among the >=20% shareholders,0,0 individuals among the >=20% shareholders,21.11.2024,200325998,https://openinfo.uz/ru/facts/36/7067,,UZSE,Uzbekistan,Central Asia
MAIR6,Airports of Kyrgyzstan OJSC,KG0106166315,,Ordinary Share;,Industrials,Ground support for aircraft and passenger and baggage handling,2024,0,0,0,1,1,2008,,,,0,0,https://www.kse.kg/ru/PublicInfo/JSC_MAM,MAIR5 - KG0105166316; MAIR3 - KG0103166318; MAIR,,2001,NA,1,1,"37,891,765,000.00","4,000,284,000.00",KGS,90.5844,https://www.nbkr.kg/index1.jsp?item=1562&lang=ENG,,1,2 state-linked entities among the >=5% shareholders,0,0 foreign entities among the >=5% shareholders,0,0 individuals among the >=5% shareholders,31.12.2024,01505200110063,https://oi.kse.kg/api/reports/static/5f3d4887-749b-4413-9890-bd86d1b63e0e.PDF,,KSE / BTS,Kyrgyzstan,Central Asia
NA,Automobile Assembly Plant OJSC,NA,,Preference Share; Ordinary Share,Industrials,Assembly of dump trucks,2024,0,0,0,1,1,2026,,,,0,0,https://www.kse.kg/ru/PublicInfo/JSC_AvtosborochnyiZavod#,,,1995,NA,1,1,"140,717,900.00","9,435,500.00",KGS,90.5844,https://www.nbkr.kg/index1.jsp?item=1562&lang=ENG,,NA,NA,NA,NA,NA,NA,31.12.2024,00405199510084,annual report,,KSE,Kyrgyzstan,Central Asia
UCHK4,OJSC Uchkun,NA,,Preference Share; Ordinary Share;,Industrials,Printing,2024,0,0,0,1,1,2010,,,,0,0,https://www.kse.kg/ru/ListingDetails/UCHK4,,no annual fin report but Q4,1992,NA,1,1,"2,240,533,905.00","771,908,091.00",KGS,90.5844,https://www.nbkr.kg/index1.jsp?item=1562&lang=ENG,,1,1 state-linked entity among the >=5% shareholders,0,0 foreign entities among the >=5% shareholders,0,0 individuals among the >=5% shareholders,31.12.2024,02104199310050,https://oi.kse.kg/api/reports/static/f446eb67-d884-4ae5-a36c-ae2b19dda9d3.pdf,,KSE,Kyrgyzstan,Central Asia
KTEL,Kyrgyztelecom OJSC,KG0101093316,,Ordinary Share;,Telecommunications,Provision of telecommunication services,2024,0,0,0,1,1,2011,,,,0,0,https://www.kse.kg/ru/PublicInfo/JSC_Kyrgyztelecom,KTEL2 - KG0102093315; KTEL3 - KG0103093314,,1997,1994,1,0,"5,183,896,000.00","90,953,000.00",KGS,90.5844,https://www.nbkr.kg/index1.jsp?item=1562&lang=ENG,,1,2 state-linked entities among the >=5% shareholders,0,0 foreign entities among the >=5% shareholders,0,0 individuals among the >=5% shareholders,31.12.2024,02102199410075,https://oi.kse.kg/api/reports/static/06f4fb23-1eda-47bf-bdb6-7f54fb503d46.pdf,,KSE,Kyrgyzstan,Central Asia
CHGS,OJSC Chakan HPP,NA,,Ordinary Share;,Utilities,Ensuring the supply of electricity to consumers,2024,0,0,0,1,1,2012,,,,0,0,https://www.kse.kg/ru/ListingDetails/CHGS3#,CHGS2 CHGS3,,2000,NA,1,1,"4,989,291,600.00","302,268,400.00",KGS,90.5844,https://www.nbkr.kg/index1.jsp?item=1562&lang=ENG,,1,1 state-linked entity among the >=5% shareholders,0,0 foreign entities among the >=5% shareholders,0,0 individuals among the >=5% shareholders,31.12.2024,00811200010039,https://www.kse.kg/Listing/CHGS3-prospect-2025-11-14.pdf,,KSE,Kyrgyzstan,Central Asia
TEPL2,OJSC Teplichnyi,NA,,Ordinary Share;,Consumer Staples,Plant growing,2024,0,0,0,1,1,2012,,,,0,0,https://www.kse.kg/ru/PublicInfo/JSC_Teplichnyi#,TEPL3,,1994,NA,1,0,"2,319,552,800.00","8,506,100.00",KGS,90.5844,https://www.nbkr.kg/index1.jsp?item=1562&lang=ENG,,0,0 state-linked entities among the >=5% shareholders,0,0 foreign entities among the >=5% shareholders,1,2 individuals among the >=5% shareholders,31.12.2024,00812199210037,https://oi.kse.kg/api/reports/static/a45b5607-d763-4b97-8585-1ad267c7f1e4.PDF,,KSE,Kyrgyzstan,Central Asia
KALT,Kyrgyzaltyn OJSC,NA,,Ordinary Share;,Basic Materials,Extraction of precious metals and rare metal ores,2024,0,0,0,1,1,2015,,,,0,0,https://www.kse.kg/ru/PublicInfo/JSC_Kyrgyzaltyn,,,1993,NA,1,1,"94,805,816,716.00","17,335,304,853.00",KGS,90.5844,https://www.nbkr.kg/index1.jsp?item=1562&lang=ENG,,1,2 state-linked entities among the >=5% shareholders,0,0 foreign entities among the >=5% shareholders,0,0 individuals among the >=5% shareholders,31.12.2024,02403199310039,https://oi.kse.kg/api/reports/static/436e9e0d-9293-47a2-8b4c-28bb12bd55e3.pdf,,KSE,Kyrgyzstan,Central Asia
KNEF2,OJSC Kyrgyzneftegaz,NA,,Ordinary Share;,Energy,Oil and gas producing enterprise,2024,0,0,0,1,1,2023,,,,0,0,https://kng.kg/,KNG,,1995,NA,1,1,"19,965,869,000.00","2,620,223,400.00",KGS,90.5844,https://www.nbkr.kg/index1.jsp?item=1562&lang=ENG,,1,1 state-linked entity among the >=5% shareholders,0,0 foreign entities among the >=5% shareholders,0,0 individuals among the >=5% shareholders,31.12.2024,00101199610251,https://oi.kse.kg/api/reports/static/fb7c84aa-0597-41b7-ac76-8a8aab03a43d.PDF,,KSE / BTS,Kyrgyzstan,Central Asia
AMAN,Aman-Jol OJSC,NA,,Ordinary Share;,Industrials,Freight transportation,2024,0,0,0,0,0,2025,,,,0,0,https://www.kse.kg/ru/PublicInfo/JSC_Amanjol,,,1995,NA,1,0,"1,557,600.00","419,500.00",KGS,90.5844,https://www.nbkr.kg/index1.jsp?item=1562&lang=ENG,,0,0 state-linked entities among the >=5% shareholders,0,0 foreign entities among the >=5% shareholders,1,1 individual among the >=5% shareholders,31.12.2024,02308199310013,https://www.kse.kg/Listing/AMAN-auditreport-2025-08-24.pdf,data for 2024 is found in report 2025,KSE,Kyrgyzstan,Central Asia
ELST7,OJSC Electric Stations,KG0107175117,,Ordinary Share;,Utilities,Electricity generation,2024,0,0,0,1,1,2011,,,,0,0,https://www.energo-es.kg/reports/,ELST8,,2001,NA,1,0,"46,258,127,000.00","-16,210,829,000.00",KGS,90.5844,https://www.nbkr.kg/index1.jsp?item=1562&lang=ENG,,1,2 state-linked entities among the >=5% shareholders,0,0 foreign entities among the >=5% shareholders,0,0 individuals among the >=5% shareholders,31.12.2024,01810200110062,annual report,,KSE,Kyrgyzstan,Central Asia
NESK,OJSC National Electric Grid of Kyrgyzstan,KG0101175014,,Ordinary Share;,Utilities,Transportation of electrical energy,2024,0,0,0,1,1,2020,,,,0,0,https://www.kse.kg/ru/PublicInfo/JSC_NESK#,NESK2 NESK3 NESK4 NESK5 NESK6 NESK7,,2001,1893,0,0,"75,691,212,000.00","-5,304,089,000.00",KGS,90.5844,https://www.nbkr.kg/index1.jsp?item=1562&lang=ENG,,1,2 state-linked entities among the >=5% shareholders,0,0 foreign entities among the >=5% shareholders,0,0 individuals among the >=5% shareholders,31.12.2024,02512200110100,https://oi.kse.kg/api/reports/static/4acafaf4-a3cd-4e44-9f4d-fb15d50e0728.pdf,,KSE,Kyrgyzstan,Central Asia
KTTS2,OJSC Kyrgyz Too-Tash,NA,,Ordinary Share;,Industrials,Production of building materials,2024,0,0,0,1,1,2015,,,,0,0,https://www.kse.kg/ru/ListingDetails/KTTS3,,KTTS3,2006,NA,1,1,"268,853,546,400.00","19,662,836.53",KGS,90.5844,https://www.nbkr.kg/index1.jsp?item=1562&lang=ENG,,0,0 state-linked entities among the >=5% shareholders,0,0 foreign entities among the >=5% shareholders,0,0 individuals among the >=5% shareholders,31.12.2024,00404199810056,https://www.kse.kg/Listing/KTTS3-prospect-2025-05-12.pdf,,KSE,Kyrgyzstan,Central Asia
HMZ,Trading and Procurement Commercial Company OJSC,NA,,ordinary share,Basic Materials,"Manufacture of other finished metal products, not elsewhere specified",2024,0,0,0,0,0,NA,,,,0,0,https://www.osoo.kg/inn/02307199510015/,,ОАО ТЗКК,1995,NA,1,1, NA , NA ,NA,NA,NA,,NA,NA,NA,NA,NA,NA,NA,02307199510015,,,BTS,Kyrgyzstan,Central Asia
TFZ,Kyzyl-Kiya Tobacco Fermentation Plant OJSC,NA,,ordinary share,Consumer Staples,Wholesale trade in unprocessed tobacco,2024,0,0,0,0,0,NA,,,,0,0,https://www.osoo.kg/inn/00607199810014/,,ОАО «Кызыл-Кия ТФЗ»,1999,NA,1,0,"79,920,000.00","929,000.00",KGS,90.5844,https://www.nbkr.kg/index1.jsp?item=1562&lang=ENG,,1,1 state-linked entity among the >=5% shareholders,NA,NA,NA,NA,31.12.2024,00607199810014,https://mammulk.gov.kg/companies/42,,BTS,Kyrgyzstan,Central Asia
REKG,Reemtsma-Kyrgyzstan OJSC,KG0106078213,,ordinary share,Consumer Staples,Tobacco products manufacturing,2024,0,0,0,0,0,NA,,,,0,0,https://www.osoo.kg/inn/01504199810109/,,ОАО «Реемтсма-Кыргызстан»,1996,NA,1,0,"857,205,200.00","-27,035,600.00",KGS,90.5844,https://www.nbkr.kg/index1.jsp?item=1562&lang=ENG,,NA,NA,NA,NA,NA,NA,31.12.2024,01504199810109,,data for 2024 is found in report 2025,BTS,Kyrgyzstan,Central Asia
ANT,Antibiotics OJSC,NA,,ordinary share,Health Care,Production of basic pharmaceutical products,2024,0,0,0,1,1,NA,,,,0,0,https://btskg.com/%d0%be%d0%b0%d0%be-%d0%b0%d0%bd%d1%82%d0%b8%d0%b1%d0%b8%d0%be%d1%82%d0%b8%d0%ba%d0%b8/,,"ОАО ""Антибиотики""",1996,NA,1,0,"44,605,550.00","-10,605,590.00",KGS,90.5844,https://www.nbkr.kg/index1.jsp?item=1562&lang=ENG,,NA,NA,NA,NA,NA,NA,31.12.2024,00101196910076,,,BTS,Kyrgyzstan,Central Asia
KADM,Kadam OJSC,NA,,ordinary share,Consumer Discretionary,Activities of other public organizations not included in other groups,2024,0,0,0,0,0,NA,,,,0,0,https://www.osoo.kg/inn/03004202110180/,,"ОАО ""Кадам""",1995,NA,1,1, NA , NA ,NA,NA,NA,,NA,NA,NA,NA,NA,NA,NA,01012199310022,,,BTS,Kyrgyzstan,Central Asia
SHOP,Shopping Online Center OJSC,NA,,ordinary share,Technology,Software Development,2024,0,0,0,0,0,NA,,,,0,0,https://www.osoo.kg/inn/02007201810202/,,"ОАО ""Шоппинг онлайн центр""",2018,NA,1,0, NA , NA ,NA,NA,NA,,NA,NA,NA,NA,NA,NA,NA,02007201810202,,,BTS,Kyrgyzstan,Central Asia
KHAN,Khan-Tengri OJSC,NA,,ordinary share,NA,NA,2024,0,0,0,0,0,NA,,,,0,0,https://www.osoo.kg/inn/02409199210094/,,"ОАО ""Хан-Тенгри""",1992,NA,1,0, NA , NA ,NA,NA,NA,,NA,NA,NA,NA,NA,NA,NA,02409199210094,,,BTS,Kyrgyzstan,Central Asia
MAK,Mayak OJSC,KG0101215729,,ordinary share,Consumer Discretionary,Wholesale trade of other non-food consumer goods,2024,0,0,0,0,0,NA,,,,0,0,https://www.osoo.kg/inn/00410201110041/,,"ОАО ""Маяк""",2011,NA,1,0, NA , NA ,NA,NA,NA,,NA,NA,NA,NA,NA,NA,NA,00410201110041,,,BTS,Kyrgyzstan,Central Asia
AKO1L,Akola Group,LT0000128092,Baltic Main List,Shares,Consumer Staples,"Food, Beverage and Tobacco ",2024,1,1,1,1,1,2010,,,,1,0,https://www.akolagroup.lt/en/sustainability-at-akola-group/,,annual report includes sustainability one but the later is also published separately,1995,1995,1,0,"886,061,000.00","24,913,000.00",EUR,1,,4959,0,0 state-linked entities among the >=5% shareholders,1,1 foreign entity among the >=5% shareholders,1,1 individual among the >=5% shareholders,30.06.2024,148030011,annual report,,"Nasdaq Baltic, VLN",Lithuania,Baltics
AMG1L,Amber Grid,LT0000128696,Baltic Secondary List,Shares,Energy,Energy,2024,1,1,0,1,1,2013,,,,1,0,https://ambergrid.lt/en/us/responsibility/sustainability/614,,sustainability data is integrated in an annual report and referred to as sustainability report,2013,2013,1,0,"327,196,000.00","8,306,000.00",EUR,1,,345,1,1 state-linked entity among the >=5% shareholders,0,0 foreign entities among the >=5% shareholders,0,0 individuals among the >=5% shareholders,31.12.2024,303090867,annual report,"""EPSO-G UAB (holds 96.58%) is a state-owned group of energy transmission and exchange companies (www.epsog.lt). The rights and duties of the sole shareholder of the holding company EPSO-G UAB are exercised by the Ministry of Energy of the Republic of Lithuania (www.enmin.lt).""","Nasdaq Baltic, VLN",Lithuania,Baltics
APG1L,Apranga,LT0000102337,Baltic Main List,Shares,Consumer Discretionary,Retail,2024,1,1,0,1,1,1997,,,,1,0,https://aprangagroup.com/en/investors/reports-and-statements,,sustainability data is integrated in an annual report and referred to as sustainability report,1993,1993,1,1,"164,968,000.00","15,960,000.00",EUR,1,,2295,0,0 state-linked entities among the >=5% shareholders,0,0 foreign entities among the >=5% shareholders,0,0 individuals among the >=5% shareholders,31.12.2024,121933274,annual report,,"Nasdaq Baltic, VLN",Lithuania,Baltics
ARC1T,Arco Vara,EE3100034653,Baltic Main List,Shares,Real Estate,Real Estate,2024,1,1,0,1,1,2007,,,,1,0,https://arcovara.com/en/trade-information/#financial-reports,,,1994,1994,1,0,"39,568,000.00","-624,000.00",EUR,1,,13,0,0 state-linked entities among the >=10% shareholders,0,0 foreign entities among the >=10% shareholders,0,0 individuals among the >=10% shareholders,2024,10261718,https://ariregister.rik.ee/eng/company/10261718/Arco-Vara-AS,,"Nasdaq Baltic, TLN",Estonia,Baltics
AUG1L,AUGA group,LT0000127466,Baltic Secondary List,Shares,Consumer Staples,"Food, Beverage and Tobacco ",2024,1,1,0,1,1,2008,,,,1,0,https://auga.lt/en/sustainability/sustainability-reports/,,sustainability data is integrated in an annual report and referred to as sustainability report,2003,2003,1,0,"203,075,000.00","-32,441,000.00",EUR,1,,1030,0,0 state-linked entities among the >=5% shareholders,1,1 foreign entity among the >=5% shareholders,1,1 individual among the >=5% shareholders,31.12.2024,126264360,annual report,,"Nasdaq Baltic, VLN",Lithuania,Baltics
BAL1R,Amber Latvijas balzams,LV0000100808,Baltic Secondary List,Shares,Consumer Staples,"Food, Beverage and Tobacco ",2024,1,1,1,1,1,1998,,,,1,0,https://amberbev.com/esg-reporting/,,annual report includes some sustainability data but an ESG report is also published separately,1900,1991,0,0,"174,856,407.00","4,087,805.00",EUR,1,,428,0,0 state-linked entities among the >=5% shareholders,1,1 foreign entity among the >=5% shareholders,0,0 individuals among the >=5% shareholders,31.12.2024,40003031873,annual report,registered on 02.10.1991,"Nasdaq Baltic, RIG",Latvia,Baltics
EEG1T,Ekspress Grupp,EE3100016965,Baltic Main List,Shares,Consumer Discretionary,Media,2024,1,1,1,1,1,2007,,,,1,0,https://www.egrupp.ee/en/investors/reports-and-presentations/,,annual report includes sustainability one but the later is also published separately,1995,1995,1,0,"114,036,000.00","3,252,000.00",EUR,1,,963,0,0 state-linked entities among the >=10% shareholders,0,0 foreign entities among the >=10% shareholders,0,0 individuals among the >=10% shareholders,2024,10004677,https://ariregister.rik.ee/eng/company/10004677/Aktsiaselts-Ekspress-Grupp,,"Nasdaq Baltic, TLN",Estonia,Baltics
GRG1L,Grigeo Group,LT0000102030,Baltic Main List,Shares,Basic Materials,Basic Resources,2024,1,1,0,1,1,1994,,,,1,0,https://www.grigeo.com/en/sustainability/ab-grigeo-group-of-companies-sustainability-reports,,sustainability data is integrated in an annual report and referred to as sustainability report,1991,1991,0,0,"179,779,000.00","20,859,000.00",EUR,1,,1042,0,0 state-linked entities among the >=5% shareholders,0,0 foreign entities among the >=5% shareholders,1,1 individual among the >=5% shareholders,31.12.2024,110012450,annual report,,"Nasdaq Baltic, VLN",Lithuania,Baltics
HAE1T,Harju Elekter Group,EE3100004250,Baltic Main List,Shares,Industrials,Industrial Goods and Services,2024,1,1,1,1,1,1997,,,,1,0,https://harjuelekter.com/investors/,,annual report includes sustainability one but the later is also published separately,1982,1982,0,0,"153,697,000.00","3,175,000.00",EUR,1,,897,0,0 state-linked entities among the >=10% shareholders,1,1 foreign entity among the >=10% shareholders,0,0 individuals among the >=10% shareholders,2024,10029524,https://ariregister.rik.ee/eng/company/10029524/AS-Harju-Elekter-Group,,"Nasdaq Baltic, TLN",Estonia,Baltics
HPR1T,Hepsor,EE3100082306,Baltic Main List,Shares,Real Estate,Real Estate,2024,1,1,0,1,1,2021,,,,1,0,https://hepsor.ee/en/for-investors/stock/reports-2/,,sustainability data is integrated in an annual report and referred to as sustainability report,2011,2011,1,0,"88,813,000.00","2,134,000.00",EUR,1,,28,0,0 state-linked entities among the >=10% shareholders,0,0 foreign entities among the >=10% shareholders,0,0 individuals among the >=10% shareholders,2024,12099216,https://ariregister.rik.ee/eng/company/12099216/Hepsor-AS,,"Nasdaq Baltic, TLN",Estonia,Baltics
IGN1L,Ignitis grupe,LT0000115768,Baltic Main List,Shares,Utilities,Utilities,2024,1,1,0,1,1,2020,1,2020,30-Jun-16,1,0,https://ignitisgrupe.lt/en/sustainability-performance-and-reporting#tab-81713-group-2,,sustainability data is integrated in an annual report and referred to as sustainability report; EU Taxanomy report is disclosed too; listed on LSE,2008,1937,0,0,"5,706,000,000.00","276,200,000.00",EUR,1,,4688,1,1 state-linked entity among the >=5% shareholders,0,0 foreign entities among the >=5% shareholders,0,0 individuals among the >=5% shareholders,31.12.2024,301844044,annual report,,"Nasdaq Baltic, VLN",Lithuania,Baltics
IGR1R,LAU Infra Grupa,LV0000110906,Baltic Main List,Shares,Industrials,Industrial Goods and Services,2024,1,0,1,1,0,2026,,,,0,0,https://invest.lauinfra.com/en/,,IPO planned for 2026,1997,NA,1,1,"76,642,460.00","6,939,681.00",EUR,1,,1073,1,1 state-linked entity among the >=5% shareholders,0,0 foreign entities among the >=5% shareholders,0,0 individuals among the >=5% shareholders,31.12.2024,40003356530,annual report,,"Nasdaq Baltic, RIG",Latvia,Baltics
INL1L,INVL Baltic Farmland,LT0000128753,Baltic Secondary List,Shares,Real Estate,Real Estate,2024,1,0,0,1,1,2014,,,,1,0,https://invlbalticfarmland.com/en/investor-relations/financial-information-and-reports/,,,2014,2014,1,0,"22,984,000.00","1,836,000.00",EUR,1,,2,0,0 state-linked entities among the >=5% shareholders,0,0 foreign entities among the >=5% shareholders,1,3 individuals among the >=5% shareholders,31.12.2024,303299781,annual report,,"Nasdaq Baltic, VLN",Lithuania,Baltics
INR1L,INVL Baltic Real Estate,LT0000127151,Baltic Secondary List,Shares,Real Estate,Real Estate,2024,1,0,0,1,1,2014,,,,1,0,https://bre.invl.com/en/for-investors/financial-information-and-reports/,,,1997,2014,1,0,"45,347,000.00","2,739,000.00",EUR,1,,7,0,0 state-linked entities among the >=5% shareholders,0,0 foreign entities among the >=5% shareholders,1,3 individuals among the >=5% shareholders,31.12.2024,152105644,annual report,,"Nasdaq Baltic, VLN",Lithuania,Baltics
KNE1L,KN Energies,LT0000111650,Baltic Main List,Shares,Industrials,Industrial Goods and Services,2024,1,1,0,1,1,2016,,,,1,0,https://knenergies.lt/en/sustainability/sustainability-reports/,,sustainability data is integrated in an annual report and referred to as sustainability report; EU Taxanomy report is disclosed too,1994,1994,1,0,"535,174,000.00","15,366,000.00",EUR,1,,378,1,1 state-linked entity among the >=5% shareholders,0,0 foreign entities among the >=5% shareholders,0,0 individuals among the >=5% shareholders,31.12.2024,110648893,annual report,,"Nasdaq Baltic, VLN",Lithuania,Baltics
KNR1L,Kauno energija,LT0000123010,Baltic Secondary List,Shares,Utilities,Utilities,2024,1,0,1,1,1,1998,,,14-Sep-18,1,0,https://www.kaunoenergija.lt/esame-atsakingi/socialine-atsakomybe,,,1997,1997,1,1,"229,190,000.00","7,753,000.00",EUR,1,,378,1,1 state-linked entity among the >=5% shareholders,0,0 foreign entities among the >=5% shareholders,0,0 individuals among the >=5% shareholders,31.12.2024,235014830,annual report,,"Nasdaq Baltic, VLN",Lithuania,Baltics
LGD1L,LITGRID,LT0000128415,Baltic Secondary List,Shares,Utilities,Utilities,2024,1,1,0,1,1,2010,,,,1,0,https://www.litgrid.eu/index.php/about-us/sustainability-/619,,sustainability data is integrated in an annual report and referred to as sustainability report,2010,2010,1,0,"820,320,000.00","49,028,000.00",EUR,1,,458,1,1 state-linked entity among the >=5% shareholders,0,0 foreign entities among the >=5% shareholders,0,0 individuals among the >=5% shareholders,31.12.2024,302564383,annual report,"EPSO-G UAB (Laisvės avenue 10, Vilnius, company code 302826889), a company wholly owned by the Ministry of Energy of the Republic of Lithuania, controls 97.5% of Litgrid ’s shares.","Nasdaq Baltic, VLN",Lithuania,Baltics
LVN1T,Liven,EE3100003112,Baltic Main List,Shares,Real Estate,Real Estate,2024,1,0,0,1,1,2026,,,,0,0,https://liven.ee/en/investor2026/reports/,,"only few generic mentions of sustainability in an annual report, but there is a green financing report (since the company has green bonds issued)",2014,NA,1,0,"78,298,000.00","558,000.00",EUR,1,,31,0,0 state-linked entities among the >=10% shareholders,0,0 foreign entities among the >=10% shareholders,1,4 individuals among the >=10% shareholders,2024,12619609,https://ariregister.rik.ee/eng/company/12619609/Liven-AS?search_id=f8ed29e&pos=1,"Republic of Lithuania, controls 97.5% of Litgrid ’s shares.","Nasdaq Baltic, TLN",Estonia,Baltics
MRK1T,Merko Ehitus,EE3100098328,Baltic Main List,Shares,Industrials,Construction and Materials,2024,1,1,0,1,1,2008,,,,1,0,https://group.merko.ee/en/investors/reports-and-investor-calendar/,,sustainability data is integrated in an annual report and referred to as sustainability report,2008,2008,1,1,"447,095,000.00","64,594,000.00",EUR,1,,605,0,0 state-linked entities among the >=10% shareholders,0,0 foreign entities among the >=10% shareholders,0,0 individuals among the >=10% shareholders,2024,11520257,https://ariregister.rik.ee/eng/company/11520257/Aktsiaselts-MERKO-EHITUS,,"Nasdaq Baltic, TLN",Estonia,Baltics
NCN1T,Nordecon,EE3100039496,Baltic Main List,Shares,Industrials,Construction and Materials,2024,1,1,0,1,1,2006,,,,1,0,https://nordecon.com/en/reports/,,,1988,1988,0,0,"113,751,000.00","5,165,000.00",EUR,1,,435,0,0 state-linked entities among the >=10% shareholders,0,0 foreign entities among the >=10% shareholders,0,0 individuals among the >=10% shareholders,2024,10099962,https://ariregister.rik.ee/eng/company/10099962/Nordecon-AS,,"Nasdaq Baltic, TLN",Estonia,Baltics
NTU1L,Novaturas,LT0000131872,Baltic Main List,Shares,Consumer Discretionary,Travel and Leisure,2024,1,1,0,1,1,2018,,,,1,0,https://www.novaturasgroup.com/financial-reports/,,,1999,1999,1,0,"39,450,000.00","-7,604,000.00",EUR,1,,175,0,0 state-linked entities among the >=5% shareholders,1,1 foreign entity among the >=5% shareholders,1,3 individuals among the >=5% shareholders,31.12.2024,135567698,annual report,,"Nasdaq Baltic, VLN",Lithuania,Baltics
PKG1T,Pro Kapital Grupp,EE3100006040,Baltic Main List,Shares,Real Estate,Real Estate,2024,1,1,0,1,1,2012,,,,1,0,https://www.prokapital.com/financials/,,very limited esg info,1994,1994,1,0,"118,758,000.00","-3,875,000.00",EUR,1,,96,0,0 state-linked entities among the >=10% shareholders,1,3 foreign entities among the >=10% shareholders,0,0 individuals among the >=10% shareholders,2024,10278802,https://ariregister.rik.ee/eng/company/10278802/AS-Pro-Kapital-Grupp,,"Nasdaq Baltic, TLN",Estonia,Baltics
PRF1T,PRFoods,EE3100101031,Baltic Secondary List,Shares,Consumer Staples,"Food, Beverage and Tobacco ",2024,1,1,0,1,1,2010,,,,1,0,https://www.prfoods.ee/investor-relations/reports/annual-reports,,very limited esg info,2008,2008,1,0,"21,916,000.00","7,339,000.00",EUR,1,,145,0,0 state-linked entities among the >=10% shareholders,1,1 foreign entity among the >=10% shareholders,0,0 individuals among the >=10% shareholders,2024,11560713,https://ariregister.rik.ee/eng/company/11560713/AS-PRFoods,,"Nasdaq Baltic, TLN",Estonia,Baltics
PZV1L,Pieno zvaigzdes,LT0000111676,Baltic Main List,Shares,Consumer Staples,"Food, Beverage and Tobacco ",2024,1,1,0,1,1,2002,,,,1,0,https://www.pienozvaigzdes.lt/finansines-ataskaitos/,,sustainability data is integrated in an annual report and referred to as sustainability report; this info is also reported separately but it is jut exctracted from an annual report,1998,1998,1,1,"77,627,000.00","10,067,000.00",EUR,1,,1698,0,0 state-linked entities among the >=5% shareholders,1,1 foreign entity among the >=5% shareholders,1,3 individuals among the >=5% shareholders,31.12.2024,124665536,annual report,,"Nasdaq Baltic, VLN",Lithuania,Baltics
RKB1R,Rigas kugu buvetava,LV0000100378,Baltic Secondary List,Shares,Industrials,Industrial Goods and Services,2024,0,0,0,1,1,1997,,,,1,0,https://nasdaqbaltic.com/statistics/en/instrument/LV0000100378/reports?date=2026-07-03,,unaudited annual report,1991,1991,0,0,"5,451,253.00","369,891.00",EUR,1,,NA,NA,NA,NA,NA,NA,NA,31.12.2024,40003045892,http://www.riga-shipyard.com/notification-on-convening-of-extraordinary-shareholders-meeting-of-as-rigas-kugu-buvetava/,fin data from 2024 unaudited report; employee data from 2023 report; ownership data from 2023 report and company website,"Nasdaq Baltic, RIG",Latvia,Baltics
RSU1L,Rokiskio suris,LT0000100372,Baltic Main List,Shares,Consumer Staples,"Food, Beverage and Tobacco ",2024,1,1,0,1,1,1997,,,,1,0,https://nasdaqbaltic.com/statistics/en/instrument/LT0000100372/reports?date=2024-04-26,,sustainability data is integrated in an annual report and referred to as sustainability report; this info is also reported separately but it is jut exctracted from an annual report,1992,1992,1,1,"217,376,000.00","22,841,000.00",EUR,1,,1155,0,0 state-linked entities among the >=5% shareholders,1,1 foreign entity among the >=5% shareholders,1,1 individual among the >=5% shareholders,31.12.2024,173057512,annual report,,"Nasdaq Baltic, VLN",Lithuania,Baltics
SAF1R,SAF Tehnika,LV0000101129,Baltic Main List,Shares,Telecommunications,Telecommunications,2024,1,0,0,1,1,2004,,,,1,0,https://saftehnika.com/company/investors-eng,,,1999,1999,1,0,"23,024,704.00","-2,369,364.00",EUR,1,,273,0,0 state-linked entities among the >=5% shareholders,0,0 foreign entities among the >=5% shareholders,1,3 individuals among the >=5% shareholders,30.06.2024,40003474109,annual report,,"Nasdaq Baltic, RIG",Latvia,Baltics
SCM1R,Siguldas ciltslietu un makslīgas apseklosanas stacija,LV0000100600,Baltic Secondary List,Shares,Consumer Staples,"Food, Beverage and Tobacco ",2024,1,0,0,1,1,1997,,,,1,0,https://sigmas.lv/en/for-investors/securities-trading-information,,,1991,1991,0,0,"2,268,344.00","80,788.00",EUR,1,,28,0,0 state-linked entities among the >=5% shareholders,1,1 foreign entity among the >=5% shareholders,1,1 individual among the >=5% shareholders,31.12.2024,40003013295,annual report,,"Nasdaq Baltic, RIG",Latvia,Baltics
SFG1T,Silvano Fashion Group,EE3100001751,Baltic Main List,Shares,Consumer Discretionary,Consumer Products and Services,2024,1,1,0,1,1,1997,1,2007,,1,0,https://silvanofashion.com/investors/reports-and-statements/,,sustainability data is integrated in an annual report and referred to as sustainability report; this info is also reported separately but it is jut exctracted from an annual report; listed on Warsaw Stock Exchange,1996,1996,1,1,"84,489,000.00","13,673,000.00",EUR,1,,1649,0,0 state-linked entities among the >=10% shareholders,0,0 foreign entities among the >=10% shareholders,0,0 individuals among the >=10% shareholders,2024,10175491,https://ariregister.rik.ee/eng/company/10175491/Aktsiaselts-Silvano-Fashion-Group,"Although no shareholder exceeding the 10% Business Register disclosure threshold is directly foreign- or state-owned, both of the two largest nominal shareholders trace to foreign beneficial interests at the second level: AS SEB Pank Clients (22.22%) is an Estonian-registered nominee/omnibus account; the bank itself is 100% owned by Skandinaviska Enskilda Banken AB (Sweden). AS Baltplast (21.77%) is Estonian-registered, but its beneficial owner, Toomas Tool, is reported as Monaco-resident.","Nasdaq Baltic, TLN",Estonia,Baltics
SKN1T,Nordic Fibreboard,EE3100092503,Baltic Secondary List,Shares,Consumer Discretionary,Consumer Products and Services,2024,1,0,0,1,1,2007,,,,1,0,https://www.nordicfibreboard.com/investor/annual-reports/,,,2007,2007,1,1,"8,252,000.00","-786,000.00",EUR,1,,68,0,0 state-linked entities among the >=10% shareholders,0,0 foreign entities among the >=10% shareholders,0,0 individuals among the >=10% shareholders,2024,11421437,https://ariregister.rik.ee/eng/company/11421437/Nordic-Fibreboard-AS,,"Nasdaq Baltic, TLN",Estonia,Baltics
TAL1T,Tallink Grupp,EE3100004466,Baltic Main List,Shares,Consumer Discretionary,Travel and Leisure,2024,1,1,1,1,1,2005,1,2018,,1,0,https://company.tallink.com/for-investors/reports-and-financial-key-figures,,annual report includes sustainability one but the later is also published separately; listed on Nasdaq Helsinki,1994,1994,1,1,"1,463,941,000.00","40,274,000.00",EUR,1,,4847,0,0 state-linked entities among the >=10% shareholders,1,1 foreign entity among the >=10% shareholders,0,0 individuals among the >=10% shareholders,2024,10238429,https://ariregister.rik.ee/eng/company/10238429/Aktsiaselts-Tallink-Grupp,"by the end of FY2024, a foreign entity holds less than 10% and thus not reported in the copmany's annual report","Nasdaq Baltic, TLN",Estonia,Baltics
TEL1L,Telia Lietuva,LT0000123911,Baltic Main List,Shares,Telecommunications,Telecommunications,2024,1,1,0,1,1,2000,1,2011,,1,0,https://www.telia.lt/eng/about-us/corporate-governance,,"sustainability data is integrated in an annual report and referred to as sustainability report; Since January 2011, the Company’s shares have been 
listed on the Berlin Stock Exchange (Berlin Open 
Market), Frankfurt Stock Exchange (Open Market), 
Munich Stock Exchange, and Stuttgart Stock Ex
change. Telia Lietuva share’s symbol on German stock 
exchanges is ZWS.",1992,1992,1,0,"610,614,000.00","71,619,000.00",EUR,1,,1781,0,0 state-linked entities among the >=5% shareholders,1,1 foreign entity among the >=5% shareholders,0,0 individuals among the >=5% shareholders,31.12.2024,121215434,annual report,,"Nasdaq Baltic, VLN",Lithuania,Baltics
TKM1T,TKM Grupp,EE0000001105,Baltic Main List,Shares,Consumer Discretionary,Retail,2024,1,1,0,1,1,1996,,,,1,0,https://nasdaqbaltic.com/statistics/en/instrument/EE0000001105/reports?date=2026-07-03,,sustainability data is integrated in an annual report and referred to as sustainability report,1960,1960,0,0,"706,686,000.00","27,477,000.00",EUR,1,,4785,0,0 state-linked entities among the >=10% shareholders,0,0 foreign entities among the >=10% shareholders,0,0 individuals among the >=10% shareholders,2024,10223439,https://ariregister.rik.ee/eng/company/10223439/TKM-Grupp-AS,,"Nasdaq Baltic, TLN",Estonia,Baltics
TPD1T,Trigon Property Development,EE3100003443,Baltic Secondary List,Shares,Real Estate,Real Estate,2024,1,0,0,1,1,1997,,,,1,0,https://trigonproperty.com/investor-2/,,,1990,1990,0,0,"1,873,680.00","167,409.00",EUR,1,,0,0,0 state-linked entities among the >=10% shareholders,0,0 foreign entities among the >=10% shareholders,0,0 individuals among the >=10% shareholders,2024,10106774,https://ariregister.rik.ee/eng/company/10106774/AS-Trigon-Property-Development,"""In 2024 and 2023, the average number of employees was 0.""","Nasdaq Baltic, TLN",Estonia,Baltics
TSM1T,Tallinna Sadam,EE3100021635,Baltic Main List,Shares,Industrials,Industrial Goods and Services,2024,1,1,0,1,1,2018,,,,1,0,https://www.ts.ee/en/investor/annual-reports/,,,1945,1945,0,0,"629,861,000.00","19,153,000.00",EUR,1,,457,1,1 state-linked entity among the >=10% shareholders,0,0 foreign entities among the >=10% shareholders,0,0 individuals among the >=10% shareholders,2024,10137319,https://ariregister.rik.ee/eng/company/10137319/aktsiaselts-TALLINNA-SADAM,,"Nasdaq Baltic, TLN",Estonia,Baltics
TVE1T,Tallinna Vesi,EE3100026436,Baltic Main List,Shares,Utilities,Utilities,2024,1,1,0,1,1,2005,,,,1,0,https://www.tallinnavesi.ee/about-us/investor/shareholders-meetings-and-financial-reports,,sustainability data is integrated in an annual report and referred to as sustainability report; there is a separate environmental report,1867,1967,0,0,"313,841,000.00","13,283,000.00",EUR,1,,362,1,1 state-linked entity among the >=10% shareholders,0,0 foreign entities among the >=10% shareholders,0,0 individuals among the >=10% shareholders,2024,10257326,https://ariregister.rik.ee/eng/company/10257326/AKTSIASELTS-TALLINNA-VESI,second biggest shareholder is an entity that is 100% owned by a foreign enriry (Luxembourg).,"Nasdaq Baltic, TLN",Estonia,Baltics
UTR1L,Utenos trikotazas,LT0000109324,Baltic Secondary List,Shares,Consumer Discretionary,Consumer Products and Services,2024,1,1,0,1,1,1997,,,,1,0,https://nasdaqbaltic.com/statistics/en/instrument/LT0000109324/reports?date=2026-07-03,,,1994,1994,1,1,"15,505,000.00","-1,865,000.00",EUR,1,,624,0,0 state-linked entities among the >=5% shareholders,0,0 foreign entities among the >=5% shareholders,0,0 individuals among the >=5% shareholders,31.12.2024,183709468,annual report,,"Nasdaq Baltic, VLN",Lithuania,Baltics
VBL1L,Vilniaus baldai,LT0000104267,Baltic Secondary List,Shares,Consumer Discretionary,Consumer Products and Services,2024,1,0,0,1,1,2000,,,,1,0,https://www.vilniausbaldai.lt/corporate-social-responsibility/,,an annual report says an ESG report is published on the company's website but there is no,1993,1993,1,1,"84,885,000.00","10,017,000.00",EUR,1,,507,0,0 state-linked entities among the >=5% shareholders,0,0 foreign entities among the >=5% shareholders,0,0 individuals among the >=5% shareholders,31.08.2024,121922783,annual report,,"Nasdaq Baltic, VLN",Lithuania,Baltics
VLP1L,Vilkyskiu pienine,LT0000127508,Baltic Main List,Shares,Consumer Staples,"Food, Beverage and Tobacco ",2024,1,1,0,1,1,2006,,,,1,0,https://vilvigroup.eu/companys-reports/?_gl=1*194rj6h*_up*MQ..*_ga*MzkyMTM5NTQ0LjE3ODMyNzUyNDQ.*_ga_PJ6E70WDHZ*czE3ODMyNzUyNDMkbzEkZzEkdDE3ODMyNzUyNTUkajQ4JGwwJGgxNDY0MTEwNjYz,,sustainability data is integrated in an annual report and referred to as sustainability report,1993,1993,1,0,"152,326,000.00","25,669,000.00",EUR,1,,938,0,0 state-linked entities among the >=5% shareholders,1,1 foreign entity among the >=5% shareholders,0,0 individuals among the >=5% shareholders,31.12.2024,277160980,annual report,,"Nasdaq Baltic, VLN",Lithuania,Baltics
ZMP1L,Zemaitijos pienas,LT0000121865,Baltic Secondary List,Shares,Consumer Staples,"Food, Beverage and Tobacco ",2024,1,1,0,1,1,1997,,,,1,0,https://nasdaqbaltic.com/statistics/en/instrument/LT0000121865/reports?date=2026-07-03,,sustainability data is integrated in an annual report and referred to as sustainability report,1993,1924,0,0,"200,727,000.00","27,296,000.00",EUR,1,,1316,0,0 state-linked entities among the >=5% shareholders,0,0 foreign entities among the >=5% shareholders,1,2 individuals among the >=5% shareholders,31.12.2024,180240752,annual report,,"Nasdaq Baltic, VLN",Lithuania,Baltics
